[Licensing::Module] Trying to connect to existing licensing client channel...
Built from '6000.3/respin/6000.3.6f1-732c1ec89f18' branch; Version is '6000.3.6f1 (bbb010bdb8a3) revision 12300304'; Using compiler version '194234433'; Build Type 'Release'
OS: 'Windows 11  (10.0.26200) Professional' Language: 'tr' Physical Memory: 15509 MB
[Licensing::IpcConnector] Successfully connected to: "LicenseClient-PC" at "2026-05-26T12:43:22.7184042Z"
BatchMode: 1, IsHumanControllingUs: 0, StartBugReporterOnCrash: 0, Is64bit: 1
System  architecture: x64
Process architecture: x64
Date: 2026-05-26T12:43:22Z

COMMAND LINE ARGUMENTS:
C:\Program Files\Unity\Hub\Editor\6000.3.6f1\Editor\Unity.exe
-adb2
-batchMode
-noUpm
-name
AssetImportWorker0
-projectPath
C:/Users/PC/companygame
-logFile
Logs/AssetImportWorker0.log
-srvPort
55968
-licensingIpc
LicenseClient-PC
-job-worker-count
5
-background-job-worker-count
8
-gc-helper-count
1
-name
AssetImport
Successfully changed project path to: C:/Users/PC/companygame
C:/Users/PC/companygame
[UnityMemory] Configuration Parameters - Can be set up in boot.config
    "memorysetup-temp-allocator-size-nav-mesh-worker=65536"
    "memorysetup-temp-allocator-size-audio-worker=65536"
    "memorysetup-temp-allocator-size-gfx=262144"
    "memorysetup-allocator-temp-initial-block-size-main=262144"
    "memorysetup-allocator-temp-initial-block-size-worker=262144"
    "memorysetup-temp-allocator-size-background-worker=32768"
    "memorysetup-temp-allocator-size-job-worker=262144"
    "memorysetup-temp-allocator-size-preload-manager=33554432"
    "memorysetup-temp-allocator-size-gi-baking-worker=262144"
    "memorysetup-temp-allocator-size-gi-baking-worker=262144"
    "memorysetup-temp-allocator-size-gi-baking-worker=262144"
    "memorysetup-temp-allocator-size-gi-baking-worker=262144"
    "memorysetup-temp-allocator-size-gi-baking-worker=262144"
    "memorysetup-bucket-allocator-granularity=16"
    "memorysetup-bucket-allocator-bucket-count=8"
    "memorysetup-bucket-allocator-block-size=33554432"
    "memorysetup-bucket-allocator-block-count=8"
    "memorysetup-main-allocator-block-size=16777216"
    "memorysetup-thread-allocator-block-size=16777216"
    "memorysetup-gfx-main-allocator-block-size=16777216"
    "memorysetup-gfx-thread-allocator-block-size=16777216"
    "memorysetup-cache-allocator-block-size=4194304"
    "memorysetup-typetree-allocator-block-size=2097152"
    "memorysetup-profiler-bucket-allocator-granularity=16"
    "memorysetup-profiler-bucket-allocator-bucket-count=8"
    "memorysetup-profiler-bucket-allocator-block-size=33554432"
    "memorysetup-profiler-bucket-allocator-block-count=8"
    "memorysetup-profiler-allocator-block-size=16777216"
    "memorysetup-profiler-editor-allocator-block-size=1048576"
    "memorysetup-temp-allocator-size-main=16777216"
    "memorysetup-job-temp-allocator-block-size=2097152"
    "memorysetup-job-temp-allocator-block-size-background=1048576"
    "memorysetup-job-temp-allocator-reduction-small-platforms=262144"
    "memorysetup-temp-allocator-size-cloud-worker=32768"
Player connection [29920]  Target information:

Player connection [29920]  * "[IP] 192.168.1.24 [Port] 0 [Flags] 2 [Guid] 870784858 [EditorId] 870784858 [Version] 1048832 [Id] WindowsEditor(7,DESKTOP-D737V74) [Debug] 1 [PackageName] WindowsEditor [ProjectName] Editor" 

Player connection [29920] Host joined multi-casting on [225.0.0.222:54997]...
Player connection [29920] Host joined alternative multi-casting on [225.0.0.222:34997]...
JobSystem: Creating JobQueue using job-worker-count value 5
Input System module state changed to: Initialized.
[Physics::Module] Initialized fallback backend.
[Physics::Module] Id: 0xdecafbad
Library Redirect Path: Library/
[Physics::Module] Selected backend.
[Physics::Module] Name: PhysX
[Physics::Module] Id: 0xf2b8ea05
[Physics::Module] SDK Version: 4.1.2
[Physics::Module] Integration Version: 1.0.0
[Physics::Module] Threading Mode: Multi-Threaded
Refreshing native plugins compatible for Editor in 6.35 ms, found 4 plugins.
Preloading 0 native plugins for Editor in 0.00 ms.
Initialize engine version: 6000.3.6f1 (bbb010bdb8a3)
[Subsystems] Discovering subsystems at path C:/Program Files/Unity/Hub/Editor/6000.3.6f1/Editor/Data/Resources/UnitySubsystems
[Subsystems] Discovering subsystems at path C:/Users/PC/companygame/Assets
GfxDevice: creating device client; kGfxThreadingModeNonThreaded
Direct3D:
    Version:  Direct3D 11.0 [level 11.1]
    Renderer: NVIDIA GeForce RTX 4060 Ti (ID=0x2788)
    Vendor:   NVIDIA
    VRAM:     7939 MB
    Driver:   32.0.15.9186
Initialize mono
Mono path[0] = 'C:/Program Files/Unity/Hub/Editor/6000.3.6f1/Editor/Data/Managed'
Mono path[1] = 'C:/Program Files/Unity/Hub/Editor/6000.3.6f1/Editor/Data/MonoBleedingEdge/lib/mono/unityjit-win32'
Mono config path = 'C:/Program Files/Unity/Hub/Editor/6000.3.6f1/Editor/Data/MonoBleedingEdge/etc'
Using monoOptions --debugger-agent=transport=dt_socket,embedding=1,server=y,suspend=n,address=127.0.0.1:56712
Begin MonoManager ReloadAssembly
Registering precompiled unity dll's ...
Register platform support module: C:/Program Files/Unity/Hub/Editor/6000.3.6f1/Editor/Data/PlaybackEngines/WindowsStandaloneSupport/UnityEditor.WindowsStandalone.Extensions.dll
Registered in 0.002490 seconds.
- Loaded All Assemblies, in  0.403 seconds
Native extension for WindowsStandalone target not found
ScheduleIndexationOnStartup MainProcess:False IndexOnStartup:True
Mono: successfully reloaded assembly
- Finished resetting the current domain, in  0.353 seconds
Domain Reload Profiling: 754ms
	BeginReloadAssembly (169ms)
		ExecutionOrderSort (0ms)
		DisableScriptedObjects (0ms)
		BackupInstance (0ms)
		ReleaseScriptingObjects (0ms)
		CreateAndSetChildDomain (1ms)
	RebuildCommonClasses (33ms)
	RebuildNativeTypeToScriptingClass (11ms)
	initialDomainReloadingComplete (48ms)
	LoadAllAssembliesAndSetupDomain (139ms)
		LoadAssemblies (166ms)
		RebuildTransferFunctionScriptingTraits (0ms)
		AnalyzeDomain (136ms)
			TypeCache.Refresh (134ms)
				TypeCache.ScanAssembly (122ms)
			BuildScriptInfoCaches (0ms)
			ResolveRequiredComponents (1ms)
	FinalizeReload (353ms)
		ReleaseScriptCaches (0ms)
		RebuildScriptCaches (0ms)
		SetupLoadedEditorAssemblies (315ms)
			LogAssemblyErrors (0ms)
			InitializePlatformSupportModulesInManaged (37ms)
			SetLoadedEditorAssemblies (3ms)
			BeforeProcessingInitializeOnLoad (62ms)
			ProcessInitializeOnLoadAttributes (135ms)
			ProcessInitializeOnLoadMethodAttributes (78ms)
			AfterProcessingInitializeOnLoad (0ms)
			EditorAssembliesLoaded (0ms)
		ExecutionOrderSort2 (0ms)
		AwakeInstancesAfterBackupRestoration (0ms)
========================================================================
Worker process is ready to serve import requests
Import Worker Mode flag is 0x00
Begin MonoManager ReloadAssembly
[Licensing::Module] Licensing is not yet initialized.
[Licensing::Client] Handshaking with LicensingClient:
  Version:                 1.17.4+4293ba1
  Session Id:              2426e01dfa98404eb5221fbf96282ed2
  Correlation Id:          f35d7f11b513a19c07bff42ace50a185
  External correlation Id: 1091912034823551923
  Machine Id:              /qePiY8JB4Q6RflQatyJuf/gLoE=
[Licensing::Module] Successfully connected to LicensingClient on channel: "LicenseClient-PC" (connect: 0.00s, validation: 0.00s, handshake: 1.85s)
[Licensing::IpcConnector] Successfully connected to: "LicenseClient-PC-notifications" at "2026-05-26T12:43:24.574792Z"
[Licensing::Module] Licensing Background thread has ended after 1.86s
[Licensing::Module] Licensing is initialized (took 0.05s).
[Licensing::Client] Successfully resolved entitlement details
[Licensing::Module] License group:
  Id: 18968274502193-UnityPersXXXX
  Product: Unity Personal
  Type: Assigned
  Expiration: Unlimited
- Loaded All Assemblies, in  0.850 seconds
Refreshing native plugins compatible for Editor in 1.38 ms, found 4 plugins.
Native extension for WindowsStandalone target not found
Package Manager log level set to [2]
[Package Manager] Failed to launch server process. Reason: Unity was launched with the -noUpm command-line argument
[Package Manager] Unable to send message (not connected to server process).
[Package Manager] Cannot connect to Unity Package Manager local server
ScheduleIndexationOnStartup MainProcess:False IndexOnStartup:True
Mono: successfully reloaded assembly
- Finished resetting the current domain, in  0.756 seconds
Domain Reload Profiling: 1595ms
	BeginReloadAssembly (203ms)
		ExecutionOrderSort (0ms)
		DisableScriptedObjects (6ms)
		BackupInstance (0ms)
		ReleaseScriptingObjects (0ms)
		CreateAndSetChildDomain (36ms)
	RebuildCommonClasses (26ms)
	RebuildNativeTypeToScriptingClass (9ms)
	initialDomainReloadingComplete (28ms)
	LoadAllAssembliesAndSetupDomain (572ms)
		LoadAssemblies (396ms)
		RebuildTransferFunctionScriptingTraits (0ms)
		AnalyzeDomain (252ms)
			TypeCache.Refresh (179ms)
				TypeCache.ScanAssembly (163ms)
			BuildScriptInfoCaches (60ms)
			ResolveRequiredComponents (9ms)
	FinalizeReload (757ms)
		ReleaseScriptCaches (0ms)
		RebuildScriptCaches (0ms)
		SetupLoadedEditorAssemblies (606ms)
			LogAssemblyErrors (0ms)
			InitializePlatformSupportModulesInManaged (1ms)
			SetLoadedEditorAssemblies (5ms)
			BeforeProcessingInitializeOnLoad (136ms)
			ProcessInitializeOnLoadAttributes (324ms)
			ProcessInitializeOnLoadMethodAttributes (133ms)
			AfterProcessingInitializeOnLoad (7ms)
			EditorAssembliesLoaded (0ms)
		ExecutionOrderSort2 (0ms)
		AwakeInstancesAfterBackupRestoration (5ms)
Launched and connected shader compiler UnityShaderCompiler.exe after 0.02 seconds
Refreshing native plugins compatible for Editor in 1.41 ms, found 4 plugins.
Preloading 0 native plugins for Editor in 0.00 ms.
Unloading 16 Unused Serialized files (Serialized files now loaded: 0)
Unloading 6934 unused Assets / (4.7 MB). Loaded Objects now: 7766.
Memory consumption went from 155.4 MB to 150.6 MB.
Total: 8.683000 ms (FindLiveObjects: 0.742600 ms CreateObjectMapping: 0.664800 ms MarkObjects: 5.029000 ms  DeleteObjects: 2.245700 ms)

========================================================================
Received Import Request.
  Time since last request: 12229.748245 seconds.
  path: Assets/Scenes/Office.unity
  artifactKey: Guid(1ea3d7876f89fad488ba7685ba9a7cc9) Importer(2089858483,b0f066a214c2f5e87bad3c948f4d605d)
Start importing Assets/Scenes/Office.unity using Guid(1ea3d7876f89fad488ba7685ba9a7cc9) Importer(2089858483,b0f066a214c2f5e87bad3c948f4d605d) (ScriptedImporter) -> (artifact id: '6a790a243dcf888d9817615fe9304574') in 0.0618822 seconds
Number of updated asset objects reloaded before import = 0Number of asset objects unloaded after import = 1

========================================================================
Received Prepare
Begin MonoManager ReloadAssembly
- Loaded All Assemblies, in  0.752 seconds
Refreshing native plugins compatible for Editor in 1.40 ms, found 4 plugins.
Native extension for WindowsStandalone target not found
[Package Manager] Failed to launch server process. Reason: Unity was launched with the -noUpm command-line argument
[Package Manager] Unable to send message (not connected to server process).
[Package Manager] Cannot connect to Unity Package Manager local server
ScheduleIndexationOnStartup MainProcess:False IndexOnStartup:True
Mono: successfully reloaded assembly
- Finished resetting the current domain, in  0.610 seconds
Domain Reload Profiling: 1360ms
	BeginReloadAssembly (249ms)
		ExecutionOrderSort (0ms)
		DisableScriptedObjects (14ms)
		BackupInstance (0ms)
		ReleaseScriptingObjects (0ms)
		CreateAndSetChildDomain (75ms)
	RebuildCommonClasses (43ms)
	RebuildNativeTypeToScriptingClass (15ms)
	initialDomainReloadingComplete (31ms)
	LoadAllAssembliesAndSetupDomain (412ms)
		LoadAssemblies (347ms)
		RebuildTransferFunctionScriptingTraits (0ms)
		AnalyzeDomain (173ms)
			TypeCache.Refresh (6ms)
				TypeCache.ScanAssembly (0ms)
			BuildScriptInfoCaches (153ms)
			ResolveRequiredComponents (9ms)
	FinalizeReload (611ms)
		ReleaseScriptCaches (0ms)
		RebuildScriptCaches (0ms)
		SetupLoadedEditorAssemblies (481ms)
			LogAssemblyErrors (0ms)
			InitializePlatformSupportModulesInManaged (2ms)
			SetLoadedEditorAssemblies (6ms)
			BeforeProcessingInitializeOnLoad (128ms)
			ProcessInitializeOnLoadAttributes (274ms)
			ProcessInitializeOnLoadMethodAttributes (64ms)
			AfterProcessingInitializeOnLoad (7ms)
			EditorAssembliesLoaded (0ms)
		ExecutionOrderSort2 (0ms)
		AwakeInstancesAfterBackupRestoration (13ms)
Refreshing native plugins compatible for Editor in 2.27 ms, found 4 plugins.
Preloading 0 native plugins for Editor in 0.00 ms.
Unloading 16 Unused Serialized files (Serialized files now loaded: 0)
Unloading 6932 unused Assets / (5.0 MB). Loaded Objects now: 7772.
Memory consumption went from 156.9 MB to 151.9 MB.
Total: 11.559000 ms (FindLiveObjects: 0.900400 ms CreateObjectMapping: 0.788900 ms MarkObjects: 6.704600 ms  DeleteObjects: 3.163900 ms)

Prepare: number of updated asset objects reloaded= 0
========================================================================
Received Prepare
Begin MonoManager ReloadAssembly
- Loaded All Assemblies, in  0.662 seconds
Refreshing native plugins compatible for Editor in 1.33 ms, found 4 plugins.
Native extension for WindowsStandalone target not found
[Package Manager] Failed to launch server process. Reason: Unity was launched with the -noUpm command-line argument
[Package Manager] Unable to send message (not connected to server process).
[Package Manager] Cannot connect to Unity Package Manager local server
ScheduleIndexationOnStartup MainProcess:False IndexOnStartup:True
Mono: successfully reloaded assembly
- Finished resetting the current domain, in  0.632 seconds
Domain Reload Profiling: 1293ms
	BeginReloadAssembly (201ms)
		ExecutionOrderSort (0ms)
		DisableScriptedObjects (11ms)
		BackupInstance (0ms)
		ReleaseScriptingObjects (0ms)
		CreateAndSetChildDomain (56ms)
	RebuildCommonClasses (32ms)
	RebuildNativeTypeToScriptingClass (13ms)
	initialDomainReloadingComplete (28ms)
	LoadAllAssembliesAndSetupDomain (387ms)
		LoadAssemblies (318ms)
		RebuildTransferFunctionScriptingTraits (0ms)
		AnalyzeDomain (154ms)
			TypeCache.Refresh (6ms)
				TypeCache.ScanAssembly (0ms)
			BuildScriptInfoCaches (136ms)
			ResolveRequiredComponents (7ms)
	FinalizeReload (632ms)
		ReleaseScriptCaches (0ms)
		RebuildScriptCaches (0ms)
		SetupLoadedEditorAssemblies (497ms)
			LogAssemblyErrors (0ms)
			InitializePlatformSupportModulesInManaged (3ms)
			SetLoadedEditorAssemblies (4ms)
			BeforeProcessingInitializeOnLoad (138ms)
			ProcessInitializeOnLoadAttributes (278ms)
			ProcessInitializeOnLoadMethodAttributes (67ms)
			AfterProcessingInitializeOnLoad (8ms)
			EditorAssembliesLoaded (0ms)
		ExecutionOrderSort2 (0ms)
		AwakeInstancesAfterBackupRestoration (13ms)
Refreshing native plugins compatible for Editor in 2.19 ms, found 4 plugins.
Preloading 0 native plugins for Editor in 0.00 ms.
Unloading 16 Unused Serialized files (Serialized files now loaded: 0)
Unloading 6932 unused Assets / (4.9 MB). Loaded Objects now: 7775.
Memory consumption went from 157.0 MB to 152.1 MB.
Total: 12.375600 ms (FindLiveObjects: 1.255700 ms CreateObjectMapping: 1.061900 ms MarkObjects: 6.557200 ms  DeleteObjects: 3.499000 ms)

Prepare: number of updated asset objects reloaded= 0
========================================================================
Received Prepare
Begin MonoManager ReloadAssembly
- Loaded All Assemblies, in  0.645 seconds
Refreshing native plugins compatible for Editor in 1.65 ms, found 4 plugins.
Native extension for WindowsStandalone target not found
[Package Manager] Failed to launch server process. Reason: Unity was launched with the -noUpm command-line argument
[Package Manager] Unable to send message (not connected to server process).
[Package Manager] Cannot connect to Unity Package Manager local server
ScheduleIndexationOnStartup MainProcess:False IndexOnStartup:True
Mono: successfully reloaded assembly
- Finished resetting the current domain, in  0.628 seconds
Domain Reload Profiling: 1275ms
	BeginReloadAssembly (184ms)
		ExecutionOrderSort (0ms)
		DisableScriptedObjects (11ms)
		BackupInstance (0ms)
		ReleaseScriptingObjects (0ms)
		CreateAndSetChildDomain (51ms)
	RebuildCommonClasses (27ms)
	RebuildNativeTypeToScriptingClass (13ms)
	initialDomainReloadingComplete (24ms)
	LoadAllAssembliesAndSetupDomain (398ms)
		LoadAssemblies (286ms)
		RebuildTransferFunctionScriptingTraits (0ms)
		AnalyzeDomain (184ms)
			TypeCache.Refresh (7ms)
				TypeCache.ScanAssembly (0ms)
			BuildScriptInfoCaches (163ms)
			ResolveRequiredComponents (10ms)
	FinalizeReload (629ms)
		ReleaseScriptCaches (0ms)
		RebuildScriptCaches (0ms)
		SetupLoadedEditorAssemblies (498ms)
			LogAssemblyErrors (0ms)
			InitializePlatformSupportModulesInManaged (2ms)
			SetLoadedEditorAssemblies (4ms)
			BeforeProcessingInitializeOnLoad (131ms)
			ProcessInitializeOnLoadAttributes (276ms)
			ProcessInitializeOnLoadMethodAttributes (76ms)
			AfterProcessingInitializeOnLoad (8ms)
			EditorAssembliesLoaded (0ms)
		ExecutionOrderSort2 (0ms)
		AwakeInstancesAfterBackupRestoration (14ms)
Refreshing native plugins compatible for Editor in 2.08 ms, found 4 plugins.
Preloading 0 native plugins for Editor in 0.00 ms.
Unloading 16 Unused Serialized files (Serialized files now loaded: 0)
Unloading 6932 unused Assets / (4.5 MB). Loaded Objects now: 7778.
Memory consumption went from 157.0 MB to 152.5 MB.
Total: 11.443500 ms (FindLiveObjects: 0.852600 ms CreateObjectMapping: 1.557500 ms MarkObjects: 6.359300 ms  DeleteObjects: 2.673200 ms)

Prepare: number of updated asset objects reloaded= 0
========================================================================
Received Import Request.
  Time since last request: 4007.223835 seconds.
  path: Assets/office assest/mainmenu1.png
  artifactKey: Guid(7ae749232479eca4da96df035ed7dc54) Importer(815301076,1909f56bfc062723c751e8b465ee728b)
Start importing Assets/office assest/mainmenu1.png using Guid(7ae749232479eca4da96df035ed7dc54) Importer(815301076,1909f56bfc062723c751e8b465ee728b) (PreviewImporter) -> (artifact id: 'ae0648fe8b6e17e14905cd532fa1a4b3') in 0.2364528 seconds
Number of updated asset objects reloaded before import = 0Number of asset objects unloaded after import = 3

========================================================================
Received Import Request.
  Time since last request: 7.475793 seconds.
  path: Assets/office assest/mainmenu1.png
  artifactKey: Guid(7ae749232479eca4da96df035ed7dc54) Importer(815301076,1909f56bfc062723c751e8b465ee728b)
Start importing Assets/office assest/mainmenu1.png using Guid(7ae749232479eca4da96df035ed7dc54) Importer(815301076,1909f56bfc062723c751e8b465ee728b) (PreviewImporter) -> (artifact id: '10f391825dc4cf88ccd6cdc50eb17e8a') in 0.1675398 seconds
Number of updated asset objects reloaded before import = 0Number of asset objects unloaded after import = 3

========================================================================
Received Prepare
Begin MonoManager ReloadAssembly
[Licensing::Client] Successfully resolved entitlement details
- Loaded All Assemblies, in  2.467 seconds
Refreshing native plugins compatible for Editor in 1.86 ms, found 4 plugins.
Native extension for WindowsStandalone target not found
[Package Manager] Failed to launch server process. Reason: Unity was launched with the -noUpm command-line argument
[Package Manager] Unable to send message (not connected to server process).
[Package Manager] Cannot connect to Unity Package Manager local server
ScheduleIndexationOnStartup MainProcess:False IndexOnStartup:True
Mono: successfully reloaded assembly
- Finished resetting the current domain, in  0.672 seconds
Domain Reload Profiling: 3140ms
	BeginReloadAssembly (517ms)
		ExecutionOrderSort (0ms)
		DisableScriptedObjects (16ms)
		BackupInstance (0ms)
		ReleaseScriptingObjects (0ms)
		CreateAndSetChildDomain (77ms)
	RebuildCommonClasses (112ms)
	RebuildNativeTypeToScriptingClass (13ms)
	initialDomainReloadingComplete (27ms)
	LoadAllAssembliesAndSetupDomain (1797ms)
		LoadAssemblies (1881ms)
		RebuildTransferFunctionScriptingTraits (0ms)
		AnalyzeDomain (279ms)
			TypeCache.Refresh (7ms)
				TypeCache.ScanAssembly (0ms)
			BuildScriptInfoCaches (256ms)
			ResolveRequiredComponents (10ms)
	FinalizeReload (672ms)
		ReleaseScriptCaches (0ms)
		RebuildScriptCaches (0ms)
		SetupLoadedEditorAssemblies (526ms)
			LogAssemblyErrors (0ms)
			InitializePlatformSupportModulesInManaged (2ms)
			SetLoadedEditorAssemblies (4ms)
			BeforeProcessingInitializeOnLoad (147ms)
			ProcessInitializeOnLoadAttributes (296ms)
			ProcessInitializeOnLoadMethodAttributes (70ms)
			AfterProcessingInitializeOnLoad (7ms)
			EditorAssembliesLoaded (0ms)
		ExecutionOrderSort2 (0ms)
		AwakeInstancesAfterBackupRestoration (13ms)
Refreshing native plugins compatible for Editor in 1.41 ms, found 4 plugins.
Preloading 0 native plugins for Editor in 0.00 ms.
Unloading 16 Unused Serialized files (Serialized files now loaded: 0)
Unloading 6932 unused Assets / (4.3 MB). Loaded Objects now: 7786.
Memory consumption went from 157.4 MB to 153.1 MB.
Total: 8.779800 ms (FindLiveObjects: 0.719700 ms CreateObjectMapping: 0.684700 ms MarkObjects: 5.151000 ms  DeleteObjects: 2.223800 ms)

Prepare: number of updated asset objects reloaded= 0
========================================================================
Received Import Request.
  Time since last request: 81.701442 seconds.
  path: Assets/office assest/mainmenu1.png
  artifactKey: Guid(7ae749232479eca4da96df035ed7dc54) Importer(815301076,1909f56bfc062723c751e8b465ee728b)
Start importing Assets/office assest/mainmenu1.png using Guid(7ae749232479eca4da96df035ed7dc54) Importer(815301076,1909f56bfc062723c751e8b465ee728b) (PreviewImporter) -> (artifact id: '4170b341dee1b8606bd3b64a2d8c11ef') in 0.0868691 seconds
Number of updated asset objects reloaded before import = 0Number of asset objects unloaded after import = 3

========================================================================
Received Import Request.
  Time since last request: 4.368376 seconds.
  path: Assets/office assest/mainmenu1.png
  artifactKey: Guid(7ae749232479eca4da96df035ed7dc54) Importer(815301076,1909f56bfc062723c751e8b465ee728b)
Start importing Assets/office assest/mainmenu1.png using Guid(7ae749232479eca4da96df035ed7dc54) Importer(815301076,1909f56bfc062723c751e8b465ee728b) (PreviewImporter) -> (artifact id: 'dbc7614fe6b3c450acaf26af5dc3d1e0') in 0.03442 seconds
Number of updated asset objects reloaded before import = 0Number of asset objects unloaded after import = 3

========================================================================
Received Import Request.
  Time since last request: 63.109661 seconds.
  path: Assets/office assest/note1.png
  artifactKey: Guid(b25e5ffef9e86d54eace1851b0bac6b1) Importer(815301076,1909f56bfc062723c751e8b465ee728b)
Start importing Assets/office assest/note1.png using Guid(b25e5ffef9e86d54eace1851b0bac6b1) Importer(815301076,1909f56bfc062723c751e8b465ee728b) (PreviewImporter) -> (artifact id: '9f55da196cabdd3a224bacd5894b351f') in 0.0268121 seconds
Number of updated asset objects reloaded before import = 0Number of asset objects unloaded after import = 3

========================================================================
Received Import Request.
  Time since last request: 10.089501 seconds.
  path: Assets/office assest/note1.png
  artifactKey: Guid(b25e5ffef9e86d54eace1851b0bac6b1) Importer(815301076,1909f56bfc062723c751e8b465ee728b)
Start importing Assets/office assest/note1.png using Guid(b25e5ffef9e86d54eace1851b0bac6b1) Importer(815301076,1909f56bfc062723c751e8b465ee728b) (PreviewImporter) -> (artifact id: '268aff0d4aa3d7402cb476b5d3965fc5') in 0.0371952 seconds
Number of updated asset objects reloaded before import = 0Number of asset objects unloaded after import = 3

========================================================================
Received Import Request.
  Time since last request: 25.837973 seconds.
  path: Assets/office assest/note1.png
  artifactKey: Guid(b25e5ffef9e86d54eace1851b0bac6b1) Importer(815301076,1909f56bfc062723c751e8b465ee728b)
Start importing Assets/office assest/note1.png using Guid(b25e5ffef9e86d54eace1851b0bac6b1) Importer(815301076,1909f56bfc062723c751e8b465ee728b) (PreviewImporter) -> (artifact id: '74463cc5a06c01a11a98377168ffe993') in 0.0323539 seconds
Number of updated asset objects reloaded before import = 0Number of asset objects unloaded after import = 3

========================================================================
Received Import Request.
  Time since last request: 3.616162 seconds.
  path: Assets/office assest/note2.png
  artifactKey: Guid(c5baf415cc40e3549ab9f68c35d5d2cd) Importer(815301076,1909f56bfc062723c751e8b465ee728b)
Start importing Assets/office assest/note2.png using Guid(c5baf415cc40e3549ab9f68c35d5d2cd) Importer(815301076,1909f56bfc062723c751e8b465ee728b) (PreviewImporter) -> (artifact id: 'e96d6192a81005a3755460aeb56297c3') in 0.0328091 seconds
Number of updated asset objects reloaded before import = 0Number of asset objects unloaded after import = 3

========================================================================
Received Prepare
Begin MonoManager ReloadAssembly
[Licensing::Client] Successfully resolved entitlement details
- Loaded All Assemblies, in  0.705 seconds
Refreshing native plugins compatible for Editor in 1.14 ms, found 4 plugins.
Native extension for WindowsStandalone target not found
[Package Manager] Failed to launch server process. Reason: Unity was launched with the -noUpm command-line argument
[Package Manager] Unable to send message (not connected to server process).
[Package Manager] Cannot connect to Unity Package Manager local server
ScheduleIndexationOnStartup MainProcess:False IndexOnStartup:True
Mono: successfully reloaded assembly
- Finished resetting the current domain, in  0.605 seconds
Domain Reload Profiling: 1310ms
	BeginReloadAssembly (200ms)
		ExecutionOrderSort (0ms)
		DisableScriptedObjects (11ms)
		BackupInstance (0ms)
		ReleaseScriptingObjects (0ms)
		CreateAndSetChildDomain (53ms)
	RebuildCommonClasses (30ms)
	RebuildNativeTypeToScriptingClass (12ms)
	initialDomainReloadingComplete (27ms)
	LoadAllAssembliesAndSetupDomain (436ms)
		LoadAssemblies (324ms)
		RebuildTransferFunctionScriptingTraits (0ms)
		AnalyzeDomain (197ms)
			TypeCache.Refresh (7ms)
				TypeCache.ScanAssembly (0ms)
			BuildScriptInfoCaches (177ms)
			ResolveRequiredComponents (8ms)
	FinalizeReload (605ms)
		ReleaseScriptCaches (0ms)
		RebuildScriptCaches (0ms)
		SetupLoadedEditorAssemblies (476ms)
			LogAssemblyErrors (0ms)
			InitializePlatformSupportModulesInManaged (2ms)
			SetLoadedEditorAssemblies (4ms)
			BeforeProcessingInitializeOnLoad (126ms)
			ProcessInitializeOnLoadAttributes (278ms)
			ProcessInitializeOnLoadMethodAttributes (59ms)
			AfterProcessingInitializeOnLoad (6ms)
			EditorAssembliesLoaded (0ms)
		ExecutionOrderSort2 (0ms)
		AwakeInstancesAfterBackupRestoration (12ms)
Refreshing native plugins compatible for Editor in 1.98 ms, found 4 plugins.
Preloading 0 native plugins for Editor in 0.00 ms.
Unloading 16 Unused Serialized files (Serialized files now loaded: 0)
Unloading 6932 unused Assets / (4.5 MB). Loaded Objects now: 7793.
Memory consumption went from 157.5 MB to 152.9 MB.
Total: 9.428700 ms (FindLiveObjects: 0.806400 ms CreateObjectMapping: 0.718900 ms MarkObjects: 5.611300 ms  DeleteObjects: 2.291000 ms)

Prepare: number of updated asset objects reloaded= 0
========================================================================
Received Prepare
Begin MonoManager ReloadAssembly
[Licensing::Client] Successfully resolved entitlement details
- Loaded All Assemblies, in  0.638 seconds
Refreshing native plugins compatible for Editor in 1.65 ms, found 4 plugins.
Native extension for WindowsStandalone target not found
[Package Manager] Failed to launch server process. Reason: Unity was launched with the -noUpm command-line argument
[Package Manager] Unable to send message (not connected to server process).
[Package Manager] Cannot connect to Unity Package Manager local server
ScheduleIndexationOnStartup MainProcess:False IndexOnStartup:True
Mono: successfully reloaded assembly
- Finished resetting the current domain, in  0.643 seconds
Domain Reload Profiling: 1282ms
	BeginReloadAssembly (181ms)
		ExecutionOrderSort (0ms)
		DisableScriptedObjects (12ms)
		BackupInstance (0ms)
		ReleaseScriptingObjects (0ms)
		CreateAndSetChildDomain (50ms)
	RebuildCommonClasses (31ms)
	RebuildNativeTypeToScriptingClass (11ms)
	initialDomainReloadingComplete (23ms)
	LoadAllAssembliesAndSetupDomain (393ms)
		LoadAssemblies (300ms)
		RebuildTransferFunctionScriptingTraits (0ms)
		AnalyzeDomain (162ms)
			TypeCache.Refresh (7ms)
				TypeCache.ScanAssembly (0ms)
			BuildScriptInfoCaches (143ms)
			ResolveRequiredComponents (8ms)
	FinalizeReload (643ms)
		ReleaseScriptCaches (0ms)
		RebuildScriptCaches (0ms)
		SetupLoadedEditorAssemblies (514ms)
			LogAssemblyErrors (0ms)
			InitializePlatformSupportModulesInManaged (3ms)
			SetLoadedEditorAssemblies (5ms)
			BeforeProcessingInitializeOnLoad (138ms)
			ProcessInitializeOnLoadAttributes (293ms)
			ProcessInitializeOnLoadMethodAttributes (68ms)
			AfterProcessingInitializeOnLoad (7ms)
			EditorAssembliesLoaded (0ms)
		ExecutionOrderSort2 (0ms)
		AwakeInstancesAfterBackupRestoration (13ms)
Refreshing native plugins compatible for Editor in 1.72 ms, found 4 plugins.
Preloading 0 native plugins for Editor in 0.00 ms.
Unloading 16 Unused Serialized files (Serialized files now loaded: 0)
Unloading 6932 unused Assets / (4.6 MB). Loaded Objects now: 7796.
Memory consumption went from 157.5 MB to 152.9 MB.
Total: 11.670900 ms (FindLiveObjects: 0.996600 ms CreateObjectMapping: 0.920400 ms MarkObjects: 6.641500 ms  DeleteObjects: 3.110700 ms)

Prepare: number of updated asset objects reloaded= 0
========================================================================
Received Prepare
Begin MonoManager ReloadAssembly
[Licensing::Client] Successfully resolved entitlement details
- Loaded All Assemblies, in  0.632 seconds
Refreshing native plugins compatible for Editor in 1.62 ms, found 4 plugins.
Native extension for WindowsStandalone target not found
[Package Manager] Failed to launch server process. Reason: Unity was launched with the -noUpm command-line argument
[Package Manager] Unable to send message (not connected to server process).
[Package Manager] Cannot connect to Unity Package Manager local server
ScheduleIndexationOnStartup MainProcess:False IndexOnStartup:True
Mono: successfully reloaded assembly
- Finished resetting the current domain, in  0.634 seconds
Domain Reload Profiling: 1267ms
	BeginReloadAssembly (188ms)
		ExecutionOrderSort (0ms)
		DisableScriptedObjects (15ms)
		BackupInstance (0ms)
		ReleaseScriptingObjects (0ms)
		CreateAndSetChildDomain (50ms)
	RebuildCommonClasses (26ms)
	RebuildNativeTypeToScriptingClass (11ms)
	initialDomainReloadingComplete (25ms)
	LoadAllAssembliesAndSetupDomain (384ms)
		LoadAssemblies (288ms)
		RebuildTransferFunctionScriptingTraits (0ms)
		AnalyzeDomain (167ms)
			TypeCache.Refresh (7ms)
				TypeCache.ScanAssembly (0ms)
			BuildScriptInfoCaches (149ms)
			ResolveRequiredComponents (7ms)
	FinalizeReload (634ms)
		ReleaseScriptCaches (0ms)
		RebuildScriptCaches (0ms)
		SetupLoadedEditorAssemblies (502ms)
			LogAssemblyErrors (0ms)
			InitializePlatformSupportModulesInManaged (2ms)
			SetLoadedEditorAssemblies (5ms)
			BeforeProcessingInitializeOnLoad (129ms)
			ProcessInitializeOnLoadAttributes (283ms)
			ProcessInitializeOnLoadMethodAttributes (76ms)
			AfterProcessingInitializeOnLoad (8ms)
			EditorAssembliesLoaded (0ms)
		ExecutionOrderSort2 (0ms)
		AwakeInstancesAfterBackupRestoration (14ms)
Refreshing native plugins compatible for Editor in 1.94 ms, found 4 plugins.
Preloading 0 native plugins for Editor in 0.00 ms.
Unloading 16 Unused Serialized files (Serialized files now loaded: 0)
Unloading 6932 unused Assets / (4.4 MB). Loaded Objects now: 7799.
Memory consumption went from 157.5 MB to 153.2 MB.
Total: 11.900400 ms (FindLiveObjects: 0.905900 ms CreateObjectMapping: 0.974500 ms MarkObjects: 6.916400 ms  DeleteObjects: 3.101800 ms)

Prepare: number of updated asset objects reloaded= 0
========================================================================
Received Prepare
Begin MonoManager ReloadAssembly
- Loaded All Assemblies, in  0.619 seconds
Refreshing native plugins compatible for Editor in 1.29 ms, found 4 plugins.
Native extension for WindowsStandalone target not found
[Package Manager] Failed to launch server process. Reason: Unity was launched with the -noUpm command-line argument
[Package Manager] Unable to send message (not connected to server process).
[Package Manager] Cannot connect to Unity Package Manager local server
ScheduleIndexationOnStartup MainProcess:False IndexOnStartup:True
Mono: successfully reloaded assembly
- Finished resetting the current domain, in  0.614 seconds
Domain Reload Profiling: 1234ms
	BeginReloadAssembly (183ms)
		ExecutionOrderSort (0ms)
		DisableScriptedObjects (10ms)
		BackupInstance (0ms)
		ReleaseScriptingObjects (0ms)
		CreateAndSetChildDomain (49ms)
	RebuildCommonClasses (25ms)
	RebuildNativeTypeToScriptingClass (10ms)
	initialDomainReloadingComplete (23ms)
	LoadAllAssembliesAndSetupDomain (379ms)
		LoadAssemblies (289ms)
		RebuildTransferFunctionScriptingTraits (0ms)
		AnalyzeDomain (162ms)
			TypeCache.Refresh (7ms)
				TypeCache.ScanAssembly (0ms)
			BuildScriptInfoCaches (144ms)
			ResolveRequiredComponents (8ms)
	FinalizeReload (614ms)
		ReleaseScriptCaches (0ms)
		RebuildScriptCaches (0ms)
		SetupLoadedEditorAssemblies (488ms)
			LogAssemblyErrors (0ms)
			InitializePlatformSupportModulesInManaged (2ms)
			SetLoadedEditorAssemblies (4ms)
			BeforeProcessingInitializeOnLoad (121ms)
			ProcessInitializeOnLoadAttributes (287ms)
			ProcessInitializeOnLoadMethodAttributes (67ms)
			AfterProcessingInitializeOnLoad (6ms)
			EditorAssembliesLoaded (0ms)
		ExecutionOrderSort2 (0ms)
		AwakeInstancesAfterBackupRestoration (13ms)
Refreshing native plugins compatible for Editor in 1.84 ms, found 4 plugins.
Preloading 0 native plugins for Editor in 0.00 ms.
Unloading 16 Unused Serialized files (Serialized files now loaded: 0)
Unloading 6932 unused Assets / (4.8 MB). Loaded Objects now: 7802.
Memory consumption went from 157.6 MB to 152.8 MB.
Total: 10.310900 ms (FindLiveObjects: 0.833200 ms CreateObjectMapping: 0.797800 ms MarkObjects: 5.769100 ms  DeleteObjects: 2.909800 ms)

Prepare: number of updated asset objects reloaded= 0
========================================================================
Received Import Request.
  Time since last request: 1083.596558 seconds.
  path: Assets/TextMesh Pro/Resources/Fonts & Materials/LiberationSans SDF.asset
  artifactKey: Guid(8f586378b4e144a9851e7b34d9b748ee) Importer(815301076,1909f56bfc062723c751e8b465ee728b)
Start importing Assets/TextMesh Pro/Resources/Fonts & Materials/LiberationSans SDF.asset using Guid(8f586378b4e144a9851e7b34d9b748ee) Importer(815301076,1909f56bfc062723c751e8b465ee728b) (PreviewImporter) -> (artifact id: '627fa907ad887690a7ad0f7a7d575db5') in 0.3906777 seconds
Number of updated asset objects reloaded before import = 0Number of asset objects unloaded after import = 9

========================================================================
Received Import Request.
  Time since last request: 0.000036 seconds.
  path: Assets/TextMesh Pro/Resources/Fonts & Materials/LiberationSans SDF - Outline.mat
  artifactKey: Guid(79459efec17a4d00a321bdcc27bbc385) Importer(815301076,1909f56bfc062723c751e8b465ee728b)
Start importing Assets/TextMesh Pro/Resources/Fonts & Materials/LiberationSans SDF - Outline.mat using Guid(79459efec17a4d00a321bdcc27bbc385) Importer(815301076,1909f56bfc062723c751e8b465ee728b) (PreviewImporter) -> (artifact id: 'f10a21713f96f890bb8f2dd300a131cc') in 0.0390703 seconds
Number of updated asset objects reloaded before import = 0Number of asset objects unloaded after import = 2

========================================================================
Received Prepare
Begin MonoManager ReloadAssembly
[Licensing::Client] Successfully resolved entitlement details
- Loaded All Assemblies, in  0.622 seconds
Refreshing native plugins compatible for Editor in 1.18 ms, found 4 plugins.
Native extension for WindowsStandalone target not found
[Package Manager] Failed to launch server process. Reason: Unity was launched with the -noUpm command-line argument
[Package Manager] Unable to send message (not connected to server process).
[Package Manager] Cannot connect to Unity Package Manager local server
ScheduleIndexationOnStartup MainProcess:False IndexOnStartup:True
Mono: successfully reloaded assembly
- Finished resetting the current domain, in  0.562 seconds
Domain Reload Profiling: 1184ms
	BeginReloadAssembly (199ms)
		ExecutionOrderSort (0ms)
		DisableScriptedObjects (20ms)
		BackupInstance (0ms)
		ReleaseScriptingObjects (0ms)
		CreateAndSetChildDomain (60ms)
	RebuildCommonClasses (26ms)
	RebuildNativeTypeToScriptingClass (10ms)
	initialDomainReloadingComplete (23ms)
	LoadAllAssembliesAndSetupDomain (364ms)
		LoadAssemblies (279ms)
		RebuildTransferFunctionScriptingTraits (0ms)
		AnalyzeDomain (156ms)
			TypeCache.Refresh (7ms)
				TypeCache.ScanAssembly (0ms)
			BuildScriptInfoCaches (137ms)
			ResolveRequiredComponents (8ms)
	FinalizeReload (562ms)
		ReleaseScriptCaches (0ms)
		RebuildScriptCaches (0ms)
		SetupLoadedEditorAssemblies (435ms)
			LogAssemblyErrors (0ms)
			InitializePlatformSupportModulesInManaged (2ms)
			SetLoadedEditorAssemblies (4ms)
			BeforeProcessingInitializeOnLoad (115ms)
			ProcessInitializeOnLoadAttributes (250ms)
			ProcessInitializeOnLoadMethodAttributes (59ms)
			AfterProcessingInitializeOnLoad (5ms)
			EditorAssembliesLoaded (0ms)
		ExecutionOrderSort2 (0ms)
		AwakeInstancesAfterBackupRestoration (12ms)
Refreshing native plugins compatible for Editor in 1.64 ms, found 4 plugins.
Preloading 0 native plugins for Editor in 0.00 ms.
Unloading 16 Unused Serialized files (Serialized files now loaded: 0)
Unloading 6932 unused Assets / (4.8 MB). Loaded Objects now: 7868.
Memory consumption went from 159.0 MB to 154.2 MB.
Total: 9.939800 ms (FindLiveObjects: 0.833500 ms CreateObjectMapping: 1.009500 ms MarkObjects: 5.648500 ms  DeleteObjects: 2.447400 ms)

Prepare: number of updated asset objects reloaded= 0
========================================================================
Received Import Request.
  Time since last request: 91.396259 seconds.
  path: Assets/Scenes/Office.unity
  artifactKey: Guid(1ea3d7876f89fad488ba7685ba9a7cc9) Importer(815301076,1909f56bfc062723c751e8b465ee728b)
Start importing Assets/Scenes/Office.unity using Guid(1ea3d7876f89fad488ba7685ba9a7cc9) Importer(815301076,1909f56bfc062723c751e8b465ee728b) (PreviewImporter) -> (artifact id: '0515ddbd7b631cd0dcefe3a109f36256') in 0.0065565 seconds
Number of updated asset objects reloaded before import = 0Number of asset objects unloaded after import = 0

========================================================================
Received Import Request.
  Time since last request: 303.488054 seconds.
  path: Assets/Scenes/MainMenu.unity
  artifactKey: Guid(2cda990e2423bbf4892e6590ba056729) Importer(815301076,1909f56bfc062723c751e8b465ee728b)
Start importing Assets/Scenes/MainMenu.unity using Guid(2cda990e2423bbf4892e6590ba056729) Importer(815301076,1909f56bfc062723c751e8b465ee728b) (PreviewImporter) -> (artifact id: 'eb151694c8acc8d48a64747842bf0152') in 0.0007343 seconds
Number of updated asset objects reloaded before import = 0Number of asset objects unloaded after import = 0

========================================================================
Received Prepare
Begin MonoManager ReloadAssembly
[Licensing::Client] Successfully resolved entitlement details
- Loaded All Assemblies, in  0.668 seconds
Refreshing native plugins compatible for Editor in 1.40 ms, found 4 plugins.
Native extension for WindowsStandalone target not found
[Package Manager] Failed to launch server process. Reason: Unity was launched with the -noUpm command-line argument
[Package Manager] Unable to send message (not connected to server process).
[Package Manager] Cannot connect to Unity Package Manager local server
ScheduleIndexationOnStartup MainProcess:False IndexOnStartup:True
Mono: successfully reloaded assembly
- Finished resetting the current domain, in  0.646 seconds
Domain Reload Profiling: 1313ms
	BeginReloadAssembly (208ms)
		ExecutionOrderSort (0ms)
		DisableScriptedObjects (16ms)
		BackupInstance (0ms)
		ReleaseScriptingObjects (0ms)
		CreateAndSetChildDomain (56ms)
	RebuildCommonClasses (28ms)
	RebuildNativeTypeToScriptingClass (10ms)
	initialDomainReloadingComplete (24ms)
	LoadAllAssembliesAndSetupDomain (397ms)
		LoadAssemblies (310ms)
		RebuildTransferFunctionScriptingTraits (0ms)
		AnalyzeDomain (165ms)
			TypeCache.Refresh (6ms)
				TypeCache.ScanAssembly (0ms)
			BuildScriptInfoCaches (146ms)
			ResolveRequiredComponents (8ms)
	FinalizeReload (646ms)
		ReleaseScriptCaches (0ms)
		RebuildScriptCaches (0ms)
		SetupLoadedEditorAssemblies (504ms)
			LogAssemblyErrors (0ms)
			InitializePlatformSupportModulesInManaged (2ms)
			SetLoadedEditorAssemblies (4ms)
			BeforeProcessingInitializeOnLoad (135ms)
			ProcessInitializeOnLoadAttributes (291ms)
			ProcessInitializeOnLoadMethodAttributes (64ms)
			AfterProcessingInitializeOnLoad (7ms)
			EditorAssembliesLoaded (0ms)
		ExecutionOrderSort2 (0ms)
		AwakeInstancesAfterBackupRestoration (14ms)
Refreshing native plugins compatible for Editor in 1.67 ms, found 4 plugins.
Preloading 0 native plugins for Editor in 0.00 ms.
Unloading 16 Unused Serialized files (Serialized files now loaded: 0)
Unloading 6932 unused Assets / (5.1 MB). Loaded Objects now: 7871.
Memory consumption went from 158.9 MB to 153.8 MB.
Total: 10.880400 ms (FindLiveObjects: 0.746100 ms CreateObjectMapping: 0.654500 ms MarkObjects: 6.502700 ms  DeleteObjects: 2.976200 ms)

Prepare: number of updated asset objects reloaded= 0
========================================================================
Received Prepare
Begin MonoManager ReloadAssembly
- Loaded All Assemblies, in  0.618 seconds
Refreshing native plugins compatible for Editor in 1.22 ms, found 4 plugins.
Native extension for WindowsStandalone target not found
[Package Manager] Failed to launch server process. Reason: Unity was launched with the -noUpm command-line argument
[Package Manager] Unable to send message (not connected to server process).
[Package Manager] Cannot connect to Unity Package Manager local server
ScheduleIndexationOnStartup MainProcess:False IndexOnStartup:True
Mono: successfully reloaded assembly
- Finished resetting the current domain, in  0.579 seconds
Domain Reload Profiling: 1196ms
	BeginReloadAssembly (185ms)
		ExecutionOrderSort (0ms)
		DisableScriptedObjects (13ms)
		BackupInstance (0ms)
		ReleaseScriptingObjects (0ms)
		CreateAndSetChildDomain (49ms)
	RebuildCommonClasses (28ms)
	RebuildNativeTypeToScriptingClass (11ms)
	initialDomainReloadingComplete (25ms)
	LoadAllAssembliesAndSetupDomain (368ms)
		LoadAssemblies (284ms)
		RebuildTransferFunctionScriptingTraits (0ms)
		AnalyzeDomain (158ms)
			TypeCache.Refresh (7ms)
				TypeCache.ScanAssembly (0ms)
			BuildScriptInfoCaches (139ms)
			ResolveRequiredComponents (7ms)
	FinalizeReload (580ms)
		ReleaseScriptCaches (0ms)
		RebuildScriptCaches (0ms)
		SetupLoadedEditorAssemblies (453ms)
			LogAssemblyErrors (0ms)
			InitializePlatformSupportModulesInManaged (2ms)
			SetLoadedEditorAssemblies (4ms)
			BeforeProcessingInitializeOnLoad (121ms)
			ProcessInitializeOnLoadAttributes (254ms)
			ProcessInitializeOnLoadMethodAttributes (64ms)
			AfterProcessingInitializeOnLoad (6ms)
			EditorAssembliesLoaded (0ms)
		ExecutionOrderSort2 (0ms)
		AwakeInstancesAfterBackupRestoration (15ms)
Refreshing native plugins compatible for Editor in 1.76 ms, found 4 plugins.
Preloading 0 native plugins for Editor in 0.00 ms.
Unloading 16 Unused Serialized files (Serialized files now loaded: 0)
Unloading 6932 unused Assets / (4.9 MB). Loaded Objects now: 7874.
Memory consumption went from 159.0 MB to 154.1 MB.
Total: 10.709500 ms (FindLiveObjects: 0.823600 ms CreateObjectMapping: 0.936800 ms MarkObjects: 5.764500 ms  DeleteObjects: 3.183600 ms)

Prepare: number of updated asset objects reloaded= 0
========================================================================
Received Import Request.
  Time since last request: 67.455859 seconds.
  path: Assets/Scenes/HomeWakeup.unity
  artifactKey: Guid(e951d44b9c9d2374e9645bd350a25bda) Importer(815301076,1909f56bfc062723c751e8b465ee728b)
Start importing Assets/Scenes/HomeWakeup.unity using Guid(e951d44b9c9d2374e9645bd350a25bda) Importer(815301076,1909f56bfc062723c751e8b465ee728b) (PreviewImporter) -> (artifact id: 'e31110ec536ad7cfb71ac011fd68e03b') in 0.0123844 seconds
Number of updated asset objects reloaded before import = 0Number of asset objects unloaded after import = 0

========================================================================
Received Prepare
Begin MonoManager ReloadAssembly
[Licensing::Client] Successfully resolved entitlement details
- Loaded All Assemblies, in  0.623 seconds
Refreshing native plugins compatible for Editor in 1.41 ms, found 4 plugins.
Native extension for WindowsStandalone target not found
[Package Manager] Failed to launch server process. Reason: Unity was launched with the -noUpm command-line argument
[Package Manager] Unable to send message (not connected to server process).
[Package Manager] Cannot connect to Unity Package Manager local server
ScheduleIndexationOnStartup MainProcess:False IndexOnStartup:True
Mono: successfully reloaded assembly
- Finished resetting the current domain, in  0.669 seconds
Domain Reload Profiling: 1292ms
	BeginReloadAssembly (186ms)
		ExecutionOrderSort (0ms)
		DisableScriptedObjects (15ms)
		BackupInstance (0ms)
		ReleaseScriptingObjects (0ms)
		CreateAndSetChildDomain (50ms)
	RebuildCommonClasses (28ms)
	RebuildNativeTypeToScriptingClass (10ms)
	initialDomainReloadingComplete (23ms)
	LoadAllAssembliesAndSetupDomain (376ms)
		LoadAssemblies (287ms)
		RebuildTransferFunctionScriptingTraits (0ms)
		AnalyzeDomain (159ms)
			TypeCache.Refresh (6ms)
				TypeCache.ScanAssembly (0ms)
			BuildScriptInfoCaches (141ms)
			ResolveRequiredComponents (7ms)
	FinalizeReload (669ms)
		ReleaseScriptCaches (0ms)
		RebuildScriptCaches (0ms)
		SetupLoadedEditorAssemblies (536ms)
			LogAssemblyErrors (0ms)
			InitializePlatformSupportModulesInManaged (2ms)
			SetLoadedEditorAssemblies (4ms)
			BeforeProcessingInitializeOnLoad (134ms)
			ProcessInitializeOnLoadAttributes (317ms)
			ProcessInitializeOnLoadMethodAttributes (72ms)
			AfterProcessingInitializeOnLoad (7ms)
			EditorAssembliesLoaded (0ms)
		ExecutionOrderSort2 (0ms)
		AwakeInstancesAfterBackupRestoration (13ms)
Refreshing native plugins compatible for Editor in 2.14 ms, found 4 plugins.
Preloading 0 native plugins for Editor in 0.00 ms.
Unloading 16 Unused Serialized files (Serialized files now loaded: 0)
Unloading 6932 unused Assets / (4.4 MB). Loaded Objects now: 7877.
Memory consumption went from 159.0 MB to 154.6 MB.
Total: 12.773200 ms (FindLiveObjects: 1.170700 ms CreateObjectMapping: 1.375300 ms MarkObjects: 7.400500 ms  DeleteObjects: 2.825100 ms)

Prepare: number of updated asset objects reloaded= 0
========================================================================
Received Import Request.
  Time since last request: 20.714199 seconds.
  path: Assets/Scenes/MainMenu.unity
  artifactKey: Guid(2cda990e2423bbf4892e6590ba056729) Importer(815301076,1909f56bfc062723c751e8b465ee728b)
Start importing Assets/Scenes/MainMenu.unity using Guid(2cda990e2423bbf4892e6590ba056729) Importer(815301076,1909f56bfc062723c751e8b465ee728b) (PreviewImporter) -> (artifact id: '9aa3563e59e3cba06373419130c20c88') in 0.0066184 seconds
Number of updated asset objects reloaded before import = 0Number of asset objects unloaded after import = 0

========================================================================
Received Prepare
Begin MonoManager ReloadAssembly
- Loaded All Assemblies, in  0.645 seconds
Refreshing native plugins compatible for Editor in 1.98 ms, found 4 plugins.
Native extension for WindowsStandalone target not found
[Package Manager] Failed to launch server process. Reason: Unity was launched with the -noUpm command-line argument
[Package Manager] Unable to send message (not connected to server process).
[Package Manager] Cannot connect to Unity Package Manager local server
ScheduleIndexationOnStartup MainProcess:False IndexOnStartup:True
Mono: successfully reloaded assembly
- Finished resetting the current domain, in  0.624 seconds
Domain Reload Profiling: 1269ms
	BeginReloadAssembly (206ms)
		ExecutionOrderSort (0ms)
		DisableScriptedObjects (11ms)
		BackupInstance (0ms)
		ReleaseScriptingObjects (0ms)
		CreateAndSetChildDomain (60ms)
	RebuildCommonClasses (34ms)
	RebuildNativeTypeToScriptingClass (12ms)
	initialDomainReloadingComplete (26ms)
	LoadAllAssembliesAndSetupDomain (367ms)
		LoadAssemblies (292ms)
		RebuildTransferFunctionScriptingTraits (0ms)
		AnalyzeDomain (160ms)
			TypeCache.Refresh (5ms)
				TypeCache.ScanAssembly (0ms)
			BuildScriptInfoCaches (143ms)
			ResolveRequiredComponents (8ms)
	FinalizeReload (624ms)
		ReleaseScriptCaches (0ms)
		RebuildScriptCaches (0ms)
		SetupLoadedEditorAssemblies (482ms)
			LogAssemblyErrors (0ms)
			InitializePlatformSupportModulesInManaged (2ms)
			SetLoadedEditorAssemblies (4ms)
			BeforeProcessingInitializeOnLoad (123ms)
			ProcessInitializeOnLoadAttributes (279ms)
			ProcessInitializeOnLoadMethodAttributes (66ms)
			AfterProcessingInitializeOnLoad (7ms)
			EditorAssembliesLoaded (0ms)
		ExecutionOrderSort2 (0ms)
		AwakeInstancesAfterBackupRestoration (15ms)
Refreshing native plugins compatible for Editor in 1.69 ms, found 4 plugins.
Preloading 0 native plugins for Editor in 0.00 ms.
Unloading 16 Unused Serialized files (Serialized files now loaded: 0)
Unloading 6932 unused Assets / (4.4 MB). Loaded Objects now: 7880.
Memory consumption went from 159.0 MB to 154.6 MB.
Total: 9.934400 ms (FindLiveObjects: 0.988700 ms CreateObjectMapping: 0.737000 ms MarkObjects: 5.964200 ms  DeleteObjects: 2.243500 ms)

Prepare: number of updated asset objects reloaded= 0
========================================================================
Received Prepare
Begin MonoManager ReloadAssembly
[Licensing::Client] Successfully resolved entitlement details
- Loaded All Assemblies, in  0.646 seconds
Refreshing native plugins compatible for Editor in 1.84 ms, found 4 plugins.
Native extension for WindowsStandalone target not found
[Package Manager] Failed to launch server process. Reason: Unity was launched with the -noUpm command-line argument
[Package Manager] Unable to send message (not connected to server process).
[Package Manager] Cannot connect to Unity Package Manager local server
ScheduleIndexationOnStartup MainProcess:False IndexOnStartup:True
Mono: successfully reloaded assembly
- Finished resetting the current domain, in  0.674 seconds
Domain Reload Profiling: 1320ms
	BeginReloadAssembly (187ms)
		ExecutionOrderSort (0ms)
		DisableScriptedObjects (14ms)
		BackupInstance (0ms)
		ReleaseScriptingObjects (0ms)
		CreateAndSetChildDomain (50ms)
	RebuildCommonClasses (28ms)
	RebuildNativeTypeToScriptingClass (11ms)
	initialDomainReloadingComplete (25ms)
	LoadAllAssembliesAndSetupDomain (395ms)
		LoadAssemblies (290ms)
		RebuildTransferFunctionScriptingTraits (0ms)
		AnalyzeDomain (178ms)
			TypeCache.Refresh (7ms)
				TypeCache.ScanAssembly (0ms)
			BuildScriptInfoCaches (157ms)
			ResolveRequiredComponents (8ms)
	FinalizeReload (674ms)
		ReleaseScriptCaches (0ms)
		RebuildScriptCaches (0ms)
		SetupLoadedEditorAssemblies (534ms)
			LogAssemblyErrors (0ms)
			InitializePlatformSupportModulesInManaged (2ms)
			SetLoadedEditorAssemblies (4ms)
			BeforeProcessingInitializeOnLoad (146ms)
			ProcessInitializeOnLoadAttributes (307ms)
			ProcessInitializeOnLoadMethodAttributes (68ms)
			AfterProcessingInitializeOnLoad (7ms)
			EditorAssembliesLoaded (0ms)
		ExecutionOrderSort2 (0ms)
		AwakeInstancesAfterBackupRestoration (15ms)
Refreshing native plugins compatible for Editor in 2.02 ms, found 4 plugins.
Preloading 0 native plugins for Editor in 0.00 ms.
Unloading 16 Unused Serialized files (Serialized files now loaded: 0)
Unloading 6932 unused Assets / (4.5 MB). Loaded Objects now: 7883.
Memory consumption went from 159.1 MB to 154.6 MB.
Total: 10.158400 ms (FindLiveObjects: 0.868700 ms CreateObjectMapping: 0.599500 ms MarkObjects: 6.104700 ms  DeleteObjects: 2.584100 ms)

Prepare: number of updated asset objects reloaded= 0
========================================================================
Received Prepare
Begin MonoManager ReloadAssembly
[Licensing::Client] Successfully resolved entitlement details
- Loaded All Assemblies, in  0.780 seconds
Refreshing native plugins compatible for Editor in 1.41 ms, found 4 plugins.
Native extension for WindowsStandalone target not found
[Package Manager] Failed to launch server process. Reason: Unity was launched with the -noUpm command-line argument
[Package Manager] Unable to send message (not connected to server process).
[Package Manager] Cannot connect to Unity Package Manager local server
ScheduleIndexationOnStartup MainProcess:False IndexOnStartup:True
Mono: successfully reloaded assembly
- Finished resetting the current domain, in  0.700 seconds
Domain Reload Profiling: 1480ms
	BeginReloadAssembly (269ms)
		ExecutionOrderSort (0ms)
		DisableScriptedObjects (28ms)
		BackupInstance (0ms)
		ReleaseScriptingObjects (0ms)
		CreateAndSetChildDomain (87ms)
	RebuildCommonClasses (29ms)
	RebuildNativeTypeToScriptingClass (14ms)
	initialDomainReloadingComplete (31ms)
	LoadAllAssembliesAndSetupDomain (437ms)
		LoadAssemblies (355ms)
		RebuildTransferFunctionScriptingTraits (0ms)
		AnalyzeDomain (172ms)
			TypeCache.Refresh (6ms)
				TypeCache.ScanAssembly (0ms)
			BuildScriptInfoCaches (152ms)
			ResolveRequiredComponents (8ms)
	FinalizeReload (700ms)
		ReleaseScriptCaches (0ms)
		RebuildScriptCaches (0ms)
		SetupLoadedEditorAssemblies (559ms)
			LogAssemblyErrors (0ms)
			InitializePlatformSupportModulesInManaged (2ms)
			SetLoadedEditorAssemblies (4ms)
			BeforeProcessingInitializeOnLoad (176ms)
			ProcessInitializeOnLoadAttributes (300ms)
			ProcessInitializeOnLoadMethodAttributes (71ms)
			AfterProcessingInitializeOnLoad (6ms)
			EditorAssembliesLoaded (0ms)
		ExecutionOrderSort2 (0ms)
		AwakeInstancesAfterBackupRestoration (13ms)
Refreshing native plugins compatible for Editor in 1.65 ms, found 4 plugins.
Preloading 0 native plugins for Editor in 0.00 ms.
Unloading 16 Unused Serialized files (Serialized files now loaded: 0)
Unloading 6932 unused Assets / (4.6 MB). Loaded Objects now: 7886.
Memory consumption went from 159.1 MB to 154.6 MB.
Total: 10.911800 ms (FindLiveObjects: 1.409700 ms CreateObjectMapping: 1.180600 ms MarkObjects: 5.572200 ms  DeleteObjects: 2.747800 ms)

Prepare: number of updated asset objects reloaded= 0
========================================================================
Received Import Request.
  Time since last request: 10710.284064 seconds.
  path: Assets/Scenes/HomeWakeup
  artifactKey: Guid(b1b3329f37e1cce45b1677fa5cca2767) Importer(815301076,1909f56bfc062723c751e8b465ee728b)
Start importing Assets/Scenes/HomeWakeup using Guid(b1b3329f37e1cce45b1677fa5cca2767) Importer(815301076,1909f56bfc062723c751e8b465ee728b) (PreviewImporter) -> (artifact id: '4e798223498971446c68efbbfe80cbb8') in 0.1204001 seconds
Number of updated asset objects reloaded before import = 0Number of asset objects unloaded after import = 0

========================================================================
Received Import Request.
  Time since last request: 5.998407 seconds.
  path: Assets/animasyonbitirme/perde_animasyon.anim
  artifactKey: Guid(4123699214ff0c8468a42f1788adcaac) Importer(815301076,1909f56bfc062723c751e8b465ee728b)
Start importing Assets/animasyonbitirme/perde_animasyon.anim using Guid(4123699214ff0c8468a42f1788adcaac) Importer(815301076,1909f56bfc062723c751e8b465ee728b) (PreviewImporter) -> (artifact id: 'ab975d436504cf6aac080c5d0adb88bf') in 0.0558443 seconds
Number of updated asset objects reloaded before import = 0Number of asset objects unloaded after import = 1

========================================================================
Received Import Request.
  Time since last request: 14.376369 seconds.
  path: Assets/office assest/npc1.png
  artifactKey: Guid(53adf6dca52f93b40bbbc210abe1a214) Importer(815301076,1909f56bfc062723c751e8b465ee728b)
Start importing Assets/office assest/npc1.png using Guid(53adf6dca52f93b40bbbc210abe1a214) Importer(815301076,1909f56bfc062723c751e8b465ee728b) (PreviewImporter) -> (artifact id: 'a69b5bb6130ea26bc42315b36b5d2b72') in 0.0888805 seconds
Number of updated asset objects reloaded before import = 0Number of asset objects unloaded after import = 3

========================================================================
Received Import Request.
  Time since last request: 57.308769 seconds.
  path: Assets/office assest/npc2_.png
  artifactKey: Guid(5bf8ac3acca6e7d4ebd0de426356a1ea) Importer(815301076,1909f56bfc062723c751e8b465ee728b)
Start importing Assets/office assest/npc2_.png using Guid(5bf8ac3acca6e7d4ebd0de426356a1ea) Importer(815301076,1909f56bfc062723c751e8b465ee728b) (PreviewImporter) -> (artifact id: 'bf6c22f61d8e30498ba12b31849885e2') in 0.0215864 seconds
Number of updated asset objects reloaded before import = 0Number of asset objects unloaded after import = 3

========================================================================
Received Import Request.
  Time since last request: 23.069664 seconds.
  path: Assets/office assest/Ahmet.png
  artifactKey: Guid(53adf6dca52f93b40bbbc210abe1a214) Importer(815301076,1909f56bfc062723c751e8b465ee728b)
Start importing Assets/office assest/Ahmet.png using Guid(53adf6dca52f93b40bbbc210abe1a214) Importer(815301076,1909f56bfc062723c751e8b465ee728b) (PreviewImporter) -> (artifact id: '07552bfbdb00f8bdf3078eb832c9fe8d') in 0.168546 seconds
Number of updated asset objects reloaded before import = 0Number of asset objects unloaded after import = 3

========================================================================
Received Import Request.
  Time since last request: 13.514406 seconds.
  path: Assets/office assest/Selin.png
  artifactKey: Guid(bba43394bd579c345a8b3f8b90ad52b3) Importer(815301076,1909f56bfc062723c751e8b465ee728b)
Start importing Assets/office assest/Selin.png using Guid(bba43394bd579c345a8b3f8b90ad52b3) Importer(815301076,1909f56bfc062723c751e8b465ee728b) (PreviewImporter) -> (artifact id: 'fe82a750f17f82e41edd210ddcce10f9') in 0.1932917 seconds
Number of updated asset objects reloaded before import = 0Number of asset objects unloaded after import = 3

========================================================================
Received Import Request.
  Time since last request: 9.906254 seconds.
  path: Assets/office assest/NPC_Selin.png
  artifactKey: Guid(bba43394bd579c345a8b3f8b90ad52b3) Importer(815301076,1909f56bfc062723c751e8b465ee728b)
Start importing Assets/office assest/NPC_Selin.png using Guid(bba43394bd579c345a8b3f8b90ad52b3) Importer(815301076,1909f56bfc062723c751e8b465ee728b) (PreviewImporter) -> (artifact id: '2ab06fb751474387b0b69b71fc89f36f') in 0.1510838 seconds
Number of updated asset objects reloaded before import = 0Number of asset objects unloaded after import = 3

========================================================================
Received Import Request.
  Time since last request: 5.084389 seconds.
  path: Assets/office assest/NPC_Ahmet.png
  artifactKey: Guid(53adf6dca52f93b40bbbc210abe1a214) Importer(815301076,1909f56bfc062723c751e8b465ee728b)
Start importing Assets/office assest/NPC_Ahmet.png using Guid(53adf6dca52f93b40bbbc210abe1a214) Importer(815301076,1909f56bfc062723c751e8b465ee728b) (PreviewImporter) -> (artifact id: 'bc8f830683fdc1b88658a072107f79cf') in 0.01323 seconds
Number of updated asset objects reloaded before import = 0Number of asset objects unloaded after import = 3

========================================================================
Received Import Request.
  Time since last request: 10.713783 seconds.
  path: Assets/office assest/NPC_Ceyda.png
  artifactKey: Guid(6123f30fb5a68ba4085c6baf1f082b5b) Importer(815301076,1909f56bfc062723c751e8b465ee728b)
Start importing Assets/office assest/NPC_Ceyda.png using Guid(6123f30fb5a68ba4085c6baf1f082b5b) Importer(815301076,1909f56bfc062723c751e8b465ee728b) (PreviewImporter) -> (artifact id: 'f57eec11efcdbe9b1a9db7eb364cc88b') in 0.1533929 seconds
Number of updated asset objects reloaded before import = 0Number of asset objects unloaded after import = 3

========================================================================
Received Import Request.
  Time since last request: 16.260458 seconds.
  path: Assets/office assest/MainCharachter_front.png
  artifactKey: Guid(ff61c2fd0c69eef42b83308346ebac09) Importer(815301076,1909f56bfc062723c751e8b465ee728b)
Start importing Assets/office assest/MainCharachter_front.png using Guid(ff61c2fd0c69eef42b83308346ebac09) Importer(815301076,1909f56bfc062723c751e8b465ee728b) (PreviewImporter) -> (artifact id: '12a9fa2aa3cb4a196b6d2a7c838b57c1') in 0.1333744 seconds
Number of updated asset objects reloaded before import = 0Number of asset objects unloaded after import = 3

========================================================================
Received Import Request.
  Time since last request: 12.696050 seconds.
  path: Assets/office assest/MainCharachterpijama_front.png
  artifactKey: Guid(ff61c2fd0c69eef42b83308346ebac09) Importer(815301076,1909f56bfc062723c751e8b465ee728b)
Start importing Assets/office assest/MainCharachterpijama_front.png using Guid(ff61c2fd0c69eef42b83308346ebac09) Importer(815301076,1909f56bfc062723c751e8b465ee728b) (PreviewImporter) -> (artifact id: '4bb1efb589c84fd7ae64cefbcbb01e08') in 0.0547204 seconds
Number of updated asset objects reloaded before import = 0Number of asset objects unloaded after import = 3

========================================================================
Received Import Request.
  Time since last request: 11.454803 seconds.
  path: Assets/office assest/karakter1pijamaframeMainCharachterpijama_walkframe1.png
  artifactKey: Guid(63720da9a36253d4f804ab749070b94b) Importer(815301076,1909f56bfc062723c751e8b465ee728b)
Start importing Assets/office assest/karakter1pijamaframeMainCharachterpijama_walkframe1.png using Guid(63720da9a36253d4f804ab749070b94b) Importer(815301076,1909f56bfc062723c751e8b465ee728b) (PreviewImporter) -> (artifact id: 'c86be5027e5b852a47fb47cee56ef54f') in 0.1556867 seconds
Number of updated asset objects reloaded before import = 0Number of asset objects unloaded after import = 3

========================================================================
Received Import Request.
  Time since last request: 7.497220 seconds.
  path: Assets/office assest/karakter1pijamaframeMainCharachterpijama_walkframe2.png
  artifactKey: Guid(953ad2838ca9cbf41a8154024e925c2e) Importer(815301076,1909f56bfc062723c751e8b465ee728b)
Start importing Assets/office assest/karakter1pijamaframeMainCharachterpijama_walkframe2.png using Guid(953ad2838ca9cbf41a8154024e925c2e) Importer(815301076,1909f56bfc062723c751e8b465ee728b) (PreviewImporter) -> (artifact id: '118746895c80314de74a602a4fffdc64') in 0.1491127 seconds
Number of updated asset objects reloaded before import = 0Number of asset objects unloaded after import = 3

========================================================================
Received Import Request.
  Time since last request: 12.560281 seconds.
  path: Assets/office assest/MainCharachterpijama_walkframe2.png
  artifactKey: Guid(953ad2838ca9cbf41a8154024e925c2e) Importer(815301076,1909f56bfc062723c751e8b465ee728b)
Start importing Assets/office assest/MainCharachterpijama_walkframe2.png using Guid(953ad2838ca9cbf41a8154024e925c2e) Importer(815301076,1909f56bfc062723c751e8b465ee728b) (PreviewImporter) -> (artifact id: '118f15f11bf45738392d67fc6fc87ad7') in 0.1606698 seconds
Number of updated asset objects reloaded before import = 0Number of asset objects unloaded after import = 3

========================================================================
Received Import Request.
  Time since last request: 8.865580 seconds.
  path: Assets/office assest/MainCharachterpijama_walkframe1.png
  artifactKey: Guid(63720da9a36253d4f804ab749070b94b) Importer(815301076,1909f56bfc062723c751e8b465ee728b)
Start importing Assets/office assest/MainCharachterpijama_walkframe1.png using Guid(63720da9a36253d4f804ab749070b94b) Importer(815301076,1909f56bfc062723c751e8b465ee728b) (PreviewImporter) -> (artifact id: 'f00a7a1bd1b644531dd572b4a20a6888') in 0.1526332 seconds
Number of updated asset objects reloaded before import = 0Number of asset objects unloaded after import = 3

========================================================================
Received Import Request.
  Time since last request: 22.824815 seconds.
  path: Assets/office assest/MainCharachter_front.png
  artifactKey: Guid(42b695b936d22054291c51401f350c1d) Importer(815301076,1909f56bfc062723c751e8b465ee728b)
Start importing Assets/office assest/MainCharachter_front.png using Guid(42b695b936d22054291c51401f350c1d) Importer(815301076,1909f56bfc062723c751e8b465ee728b) (PreviewImporter) -> (artifact id: '64dc7ee4edfe3aec7973f403336983ee') in 0.1643955 seconds
Number of updated asset objects reloaded before import = 0Number of asset objects unloaded after import = 3

========================================================================
Received Import Request.
  Time since last request: 8.252206 seconds.
  path: Assets/office assest/MainCharachter_walkframe1.png
  artifactKey: Guid(d0d1d0724d59b0d4f9e2e301ba0327b1) Importer(815301076,1909f56bfc062723c751e8b465ee728b)
Start importing Assets/office assest/MainCharachter_walkframe1.png using Guid(d0d1d0724d59b0d4f9e2e301ba0327b1) Importer(815301076,1909f56bfc062723c751e8b465ee728b) (PreviewImporter) -> (artifact id: '64df40c4fd2448e5e396edc674bbcbdb') in 0.1116004 seconds
Number of updated asset objects reloaded before import = 0Number of asset objects unloaded after import = 3

========================================================================
Received Import Request.
  Time since last request: 7.312007 seconds.
  path: Assets/office assest/MainCharachter_walkframe2.png
  artifactKey: Guid(7b79f475000f9294782a9cc1852f44a2) Importer(815301076,1909f56bfc062723c751e8b465ee728b)
Start importing Assets/office assest/MainCharachter_walkframe2.png using Guid(7b79f475000f9294782a9cc1852f44a2) Importer(815301076,1909f56bfc062723c751e8b465ee728b) (PreviewImporter) -> (artifact id: '23534c0c7cd7a7f4d6402de1bd566362') in 0.2239733 seconds
Number of updated asset objects reloaded before import = 0Number of asset objects unloaded after import = 3

========================================================================
Received Import Request.
  Time since last request: 7.248499 seconds.
  path: Assets/office assest/WorkStation.prefab
  artifactKey: Guid(2c1ba4dae295bd848a876491e946b680) Importer(815301076,1909f56bfc062723c751e8b465ee728b)
Start importing Assets/office assest/WorkStation.prefab using Guid(2c1ba4dae295bd848a876491e946b680) Importer(815301076,1909f56bfc062723c751e8b465ee728b) (PreviewImporter) -> (artifact id: 'b598e54fa927968d81e80dd2647bf7f4') in 0.3175198 seconds
Number of updated asset objects reloaded before import = 0Number of asset objects unloaded after import = 17

========================================================================
Received Import Request.
  Time since last request: 9.708944 seconds.
  path: Assets/office assest/ofifice_door.png
  artifactKey: Guid(b58a3dc42f7107146a5e558f2cfd7643) Importer(815301076,1909f56bfc062723c751e8b465ee728b)
Start importing Assets/office assest/ofifice_door.png using Guid(b58a3dc42f7107146a5e558f2cfd7643) Importer(815301076,1909f56bfc062723c751e8b465ee728b) (PreviewImporter) -> (artifact id: '481ac393281c634ebd9ae175cbeb72c4') in 0.1160623 seconds
Number of updated asset objects reloaded before import = 0Number of asset objects unloaded after import = 3

========================================================================
Received Import Request.
  Time since last request: 3.918909 seconds.
  path: Assets/office assest/trash.png
  artifactKey: Guid(c1057fb93c8eb964aac8483923b2408a) Importer(815301076,1909f56bfc062723c751e8b465ee728b)
Start importing Assets/office assest/trash.png using Guid(c1057fb93c8eb964aac8483923b2408a) Importer(815301076,1909f56bfc062723c751e8b465ee728b) (PreviewImporter) -> (artifact id: '7b49872d969f78872356ad8b7946bafe') in 0.1925615 seconds
Number of updated asset objects reloaded before import = 0Number of asset objects unloaded after import = 3

========================================================================
Received Import Request.
  Time since last request: 9.219245 seconds.
  path: Assets/office assest/duvarlımasa_ahmet.png
  artifactKey: Guid(6c630121e53f4e6499fb7b76834fd9ff) Importer(815301076,1909f56bfc062723c751e8b465ee728b)
Start importing Assets/office assest/duvarlımasa_ahmet.png using Guid(6c630121e53f4e6499fb7b76834fd9ff) Importer(815301076,1909f56bfc062723c751e8b465ee728b) (PreviewImporter) -> (artifact id: '5133f7752b70d25900f50583811f49a3') in 0.1443897 seconds
Number of updated asset objects reloaded before import = 0Number of asset objects unloaded after import = 3

========================================================================
Received Import Request.
  Time since last request: 7.978820 seconds.
  path: Assets/office assest/duvarlımasa_selin.png
  artifactKey: Guid(9194aa272977e7a4a9a1f3da89b6a397) Importer(815301076,1909f56bfc062723c751e8b465ee728b)
Start importing Assets/office assest/duvarlımasa_selin.png using Guid(9194aa272977e7a4a9a1f3da89b6a397) Importer(815301076,1909f56bfc062723c751e8b465ee728b) (PreviewImporter) -> (artifact id: '612d99472c107719acb5364fa712f1d3') in 0.1617164 seconds
Number of updated asset objects reloaded before import = 0Number of asset objects unloaded after import = 3

========================================================================
Received Import Request.
  Time since last request: 5.588742 seconds.
  path: Assets/office assest/duvarlımasa_ceyda.png
  artifactKey: Guid(da1e47b19856d924c9ed63284c456b8b) Importer(815301076,1909f56bfc062723c751e8b465ee728b)
Start importing Assets/office assest/duvarlımasa_ceyda.png using Guid(da1e47b19856d924c9ed63284c456b8b) Importer(815301076,1909f56bfc062723c751e8b465ee728b) (PreviewImporter) -> (artifact id: 'fa6b78bc231d41e49b607b76fd84b7bc') in 0.1601317 seconds
Number of updated asset objects reloaded before import = 0Number of asset objects unloaded after import = 3

========================================================================
Received Import Request.
  Time since last request: 45.148472 seconds.
  path: Assets/office assest/WorkStation.prefab
  artifactKey: Guid(2c1ba4dae295bd848a876491e946b680) Importer(815301076,1909f56bfc062723c751e8b465ee728b)
Start importing Assets/office assest/WorkStation.prefab using Guid(2c1ba4dae295bd848a876491e946b680) Importer(815301076,1909f56bfc062723c751e8b465ee728b) (PreviewImporter) -> (artifact id: '9aa97174f2782ca99c601195654efb95') in 0.0470421 seconds
Number of updated asset objects reloaded before import = 0Number of asset objects unloaded after import = 15

========================================================================
Received Import Request.
  Time since last request: 4.176330 seconds.
  path: Assets/office assest/table_office.png
  artifactKey: Guid(be5b181005aa33043b81595830c46d9a) Importer(815301076,1909f56bfc062723c751e8b465ee728b)
Start importing Assets/office assest/table_office.png using Guid(be5b181005aa33043b81595830c46d9a) Importer(815301076,1909f56bfc062723c751e8b465ee728b) (PreviewImporter) -> (artifact id: '72fba566d1ce06d4abffa9f0083d332d') in 0.1456237 seconds
Number of updated asset objects reloaded before import = 0Number of asset objects unloaded after import = 3

========================================================================
Received Import Request.
  Time since last request: 8.886600 seconds.
  path: Assets/office assest/main_menu.png
  artifactKey: Guid(7ae749232479eca4da96df035ed7dc54) Importer(815301076,1909f56bfc062723c751e8b465ee728b)
Start importing Assets/office assest/main_menu.png using Guid(7ae749232479eca4da96df035ed7dc54) Importer(815301076,1909f56bfc062723c751e8b465ee728b) (PreviewImporter) -> (artifact id: 'db03dde78f01dd49146e252c5e72e263') in 0.2320302 seconds
Number of updated asset objects reloaded before import = 0Number of asset objects unloaded after import = 3

========================================================================
Received Import Request.
  Time since last request: 15.521672 seconds.
  path: Assets/office assest/Floor.png
  artifactKey: Guid(1f120fcaac84f9147be3ace65c1af9e5) Importer(815301076,1909f56bfc062723c751e8b465ee728b)
Start importing Assets/office assest/Floor.png using Guid(1f120fcaac84f9147be3ace65c1af9e5) Importer(815301076,1909f56bfc062723c751e8b465ee728b) (PreviewImporter) -> (artifact id: '20d28bf743e9c0c40a78172d2a4a91ed') in 0.1110404 seconds
Number of updated asset objects reloaded before import = 0Number of asset objects unloaded after import = 3

========================================================================
Received Import Request.
  Time since last request: 23.680248 seconds.
  path: Assets/_Recovery/0.unity
  artifactKey: Guid(234ca07d91203264ca2b25b72f603fef) Importer(815301076,1909f56bfc062723c751e8b465ee728b)
Start importing Assets/_Recovery/0.unity using Guid(234ca07d91203264ca2b25b72f603fef) Importer(815301076,1909f56bfc062723c751e8b465ee728b) (PreviewImporter) -> (artifact id: '770e933c78c48c233cb314f36dbfbc18') in 0.0022397 seconds
Number of updated asset objects reloaded before import = 0Number of asset objects unloaded after import = 0

========================================================================
Received Import Request.
  Time since last request: 13.112346 seconds.
  path: Assets/room assets/chair_room.png
  artifactKey: Guid(a09e843601650454cb20dc9596e3c45a) Importer(815301076,1909f56bfc062723c751e8b465ee728b)
Start importing Assets/room assets/chair_room.png using Guid(a09e843601650454cb20dc9596e3c45a) Importer(815301076,1909f56bfc062723c751e8b465ee728b) (PreviewImporter) -> (artifact id: 'f7b29c6b94ecb8b88a5c3be6b29645ff') in 0.1566332 seconds
Number of updated asset objects reloaded before import = 0Number of asset objects unloaded after import = 3

========================================================================
Received Import Request.
  Time since last request: 6.674613 seconds.
  path: Assets/room assets/raf.png
  artifactKey: Guid(3c390e1a3a17dc245b27b150aeb052c3) Importer(815301076,1909f56bfc062723c751e8b465ee728b)
Start importing Assets/room assets/raf.png using Guid(3c390e1a3a17dc245b27b150aeb052c3) Importer(815301076,1909f56bfc062723c751e8b465ee728b) (PreviewImporter) -> (artifact id: '5462f98df9495cbbc7fb27951ba47d03') in 0.1602541 seconds
Number of updated asset objects reloaded before import = 0Number of asset objects unloaded after import = 3

========================================================================
Received Import Request.
  Time since last request: 11.812238 seconds.
  path: Assets/office assest
  artifactKey: Guid(b588e91766fd02c40a785bb5e50146b3) Importer(815301076,1909f56bfc062723c751e8b465ee728b)
Start importing Assets/office assest using Guid(b588e91766fd02c40a785bb5e50146b3) Importer(815301076,1909f56bfc062723c751e8b465ee728b) (PreviewImporter) -> (artifact id: '534fec78438d3597c061b60dea21809b') in 0.0006301 seconds
Number of updated asset objects reloaded before import = 0Number of asset objects unloaded after import = 0

========================================================================
Received Import Request.
  Time since last request: 2.456213 seconds.
  path: Assets/office assest/note2.png
  artifactKey: Guid(c5baf415cc40e3549ab9f68c35d5d2cd) Importer(2089858483,b0f066a214c2f5e87bad3c948f4d605d)
Start importing Assets/office assest/note2.png using Guid(c5baf415cc40e3549ab9f68c35d5d2cd) Importer(2089858483,b0f066a214c2f5e87bad3c948f4d605d) (ScriptedImporter) -> (artifact id: 'd47ae93a3a183f2afe4d0189e825d231') in 0.2020307 seconds
Number of updated asset objects reloaded before import = 0Number of asset objects unloaded after import = 3

========================================================================
Received Import Request.
  Time since last request: 0.000026 seconds.
  path: Assets/office assest/trash.png
  artifactKey: Guid(c1057fb93c8eb964aac8483923b2408a) Importer(2089858483,b0f066a214c2f5e87bad3c948f4d605d)
Start importing Assets/office assest/trash.png using Guid(c1057fb93c8eb964aac8483923b2408a) Importer(2089858483,b0f066a214c2f5e87bad3c948f4d605d) (ScriptedImporter) -> (artifact id: 'f10a9dbec8ce5b37c4a9de33f65405b5') in 0.0129449 seconds
Number of updated asset objects reloaded before import = 0Number of asset objects unloaded after import = 3

========================================================================
Received Import Request.
  Time since last request: 0.000032 seconds.
  path: Assets/office assest/NPC_Ceyda.png
  artifactKey: Guid(6123f30fb5a68ba4085c6baf1f082b5b) Importer(2089858483,b0f066a214c2f5e87bad3c948f4d605d)
Start importing Assets/office assest/NPC_Ceyda.png using Guid(6123f30fb5a68ba4085c6baf1f082b5b) Importer(2089858483,b0f066a214c2f5e87bad3c948f4d605d) (ScriptedImporter) -> (artifact id: '12aa8fc3f00a0e760b984552382441f0') in 0.013866 seconds
Number of updated asset objects reloaded before import = 0Number of asset objects unloaded after import = 3

========================================================================
Received Import Request.
  Time since last request: 0.000025 seconds.
  path: Assets/office assest/ofifice_door.png
  artifactKey: Guid(b58a3dc42f7107146a5e558f2cfd7643) Importer(2089858483,b0f066a214c2f5e87bad3c948f4d605d)
Start importing Assets/office assest/ofifice_door.png using Guid(b58a3dc42f7107146a5e558f2cfd7643) Importer(2089858483,b0f066a214c2f5e87bad3c948f4d605d) (ScriptedImporter) -> (artifact id: '229808f442c210d0b9f858d7e7ae612f') in 0.0108193 seconds
Number of updated asset objects reloaded before import = 0Number of asset objects unloaded after import = 3

========================================================================
Received Import Request.
  Time since last request: 0.000027 seconds.
  path: Assets/office assest/note1_animation.anim
  artifactKey: Guid(bea52656fd3b9214c80d0f295e61253b) Importer(2089858483,b0f066a214c2f5e87bad3c948f4d605d)
Start importing Assets/office assest/note1_animation.anim using Guid(bea52656fd3b9214c80d0f295e61253b) Importer(2089858483,b0f066a214c2f5e87bad3c948f4d605d) (ScriptedImporter) -> (artifact id: '11f9c9b759bdd690e5916c0f4a57d1f4') in 0.0164655 seconds
Number of updated asset objects reloaded before import = 0Number of asset objects unloaded after import = 1

========================================================================
Received Import Request.
  Time since last request: 0.000020 seconds.
  path: Assets/office assest/note1_duran.anim
  artifactKey: Guid(daa5051272a933647bb05c6a704f7013) Importer(2089858483,b0f066a214c2f5e87bad3c948f4d605d)
Start importing Assets/office assest/note1_duran.anim using Guid(daa5051272a933647bb05c6a704f7013) Importer(2089858483,b0f066a214c2f5e87bad3c948f4d605d) (ScriptedImporter) -> (artifact id: 'b190611d3dbc14a3a501d2654cf00df0') in 0.0115461 seconds
Number of updated asset objects reloaded before import = 0Number of asset objects unloaded after import = 1

========================================================================
Received Import Request.
  Time since last request: 0.000034 seconds.
  path: Assets/office assest/MainCharachter_walkframe1.png
  artifactKey: Guid(d0d1d0724d59b0d4f9e2e301ba0327b1) Importer(2089858483,b0f066a214c2f5e87bad3c948f4d605d)
Start importing Assets/office assest/MainCharachter_walkframe1.png using Guid(d0d1d0724d59b0d4f9e2e301ba0327b1) Importer(2089858483,b0f066a214c2f5e87bad3c948f4d605d) (ScriptedImporter) -> (artifact id: '58b8028e43d9dacc2b25b02ff1acfbff') in 0.011452 seconds
Number of updated asset objects reloaded before import = 0Number of asset objects unloaded after import = 3

========================================================================
Received Import Request.
  Time since last request: 0.000028 seconds.
  path: Assets/Scenes/HomeWakeup.unity
  artifactKey: Guid(e951d44b9c9d2374e9645bd350a25bda) Importer(2089858483,b0f066a214c2f5e87bad3c948f4d605d)
Start importing Assets/Scenes/HomeWakeup.unity using Guid(e951d44b9c9d2374e9645bd350a25bda) Importer(2089858483,b0f066a214c2f5e87bad3c948f4d605d) (ScriptedImporter) -> (artifact id: '860d40fe0104d734c490abe3308e34f2') in 0.0149204 seconds
Number of updated asset objects reloaded before import = 0Number of asset objects unloaded after import = 1

========================================================================
Received Import Request.
  Time since last request: 0.000032 seconds.
  path: Assets/Scenes/MainMenu.unity
  artifactKey: Guid(2cda990e2423bbf4892e6590ba056729) Importer(2089858483,b0f066a214c2f5e87bad3c948f4d605d)
Start importing Assets/Scenes/MainMenu.unity using Guid(2cda990e2423bbf4892e6590ba056729) Importer(2089858483,b0f066a214c2f5e87bad3c948f4d605d) (ScriptedImporter) -> (artifact id: 'cc303b60eca697d491182b47e7930143') in 0.0144745 seconds
Number of updated asset objects reloaded before import = 0Number of asset objects unloaded after import = 1

========================================================================
Received Import Request.
  Time since last request: 0.000021 seconds.
  path: Assets/office assest/MainCharachterpijama_front.png
  artifactKey: Guid(ff61c2fd0c69eef42b83308346ebac09) Importer(2089858483,b0f066a214c2f5e87bad3c948f4d605d)
Start importing Assets/office assest/MainCharachterpijama_front.png using Guid(ff61c2fd0c69eef42b83308346ebac09) Importer(2089858483,b0f066a214c2f5e87bad3c948f4d605d) (ScriptedImporter) -> (artifact id: '44ae14a9b0d0d092ef29b875b7737116') in 0.0120462 seconds
Number of updated asset objects reloaded before import = 0Number of asset objects unloaded after import = 3

========================================================================
Received Import Request.
  Time since last request: 0.000022 seconds.
  path: Assets/office assest/Floor.png
  artifactKey: Guid(1f120fcaac84f9147be3ace65c1af9e5) Importer(2089858483,b0f066a214c2f5e87bad3c948f4d605d)
Start importing Assets/office assest/Floor.png using Guid(1f120fcaac84f9147be3ace65c1af9e5) Importer(2089858483,b0f066a214c2f5e87bad3c948f4d605d) (ScriptedImporter) -> (artifact id: '1cd9933fbfd0330cb3fabee37dff9883') in 0.0127215 seconds
Number of updated asset objects reloaded before import = 0Number of asset objects unloaded after import = 3

========================================================================
Received Import Request.
  Time since last request: 0.000022 seconds.
  path: Assets/office assest/MainCharachter_front.png
  artifactKey: Guid(42b695b936d22054291c51401f350c1d) Importer(2089858483,b0f066a214c2f5e87bad3c948f4d605d)
Start importing Assets/office assest/MainCharachter_front.png using Guid(42b695b936d22054291c51401f350c1d) Importer(2089858483,b0f066a214c2f5e87bad3c948f4d605d) (ScriptedImporter) -> (artifact id: '675cb4c15f94c970adaf66c6f55bab8a') in 0.012082 seconds
Number of updated asset objects reloaded before import = 0Number of asset objects unloaded after import = 3

========================================================================
Received Import Request.
  Time since last request: 0.000028 seconds.
  path: Assets/office assest/duvarlımasa_selin.png
  artifactKey: Guid(9194aa272977e7a4a9a1f3da89b6a397) Importer(2089858483,b0f066a214c2f5e87bad3c948f4d605d)
Start importing Assets/office assest/duvarlımasa_selin.png using Guid(9194aa272977e7a4a9a1f3da89b6a397) Importer(2089858483,b0f066a214c2f5e87bad3c948f4d605d) (ScriptedImporter) -> (artifact id: 'e3da048282415bf122e0e25dd61050e2') in 0.0120364 seconds
Number of updated asset objects reloaded before import = 0Number of asset objects unloaded after import = 3

========================================================================
Received Import Request.
  Time since last request: 0.000025 seconds.
  path: Assets/TextMesh Pro/Resources/Fonts & Materials/LiberationSans SDF - Fallback.asset
  artifactKey: Guid(2e498d1c8094910479dc3e1b768306a4) Importer(2089858483,b0f066a214c2f5e87bad3c948f4d605d)
Start importing Assets/TextMesh Pro/Resources/Fonts & Materials/LiberationSans SDF - Fallback.asset using Guid(2e498d1c8094910479dc3e1b768306a4) Importer(2089858483,b0f066a214c2f5e87bad3c948f4d605d) (ScriptedImporter) -> (artifact id: 'c4de15cb9b3e5910c23373830cb075d5') in 0.0454478 seconds
Number of updated asset objects reloaded before import = 0Number of asset objects unloaded after import = 5

========================================================================
Received Import Request.
  Time since last request: 0.649099 seconds.
  path: Assets/office assest/npc
  artifactKey: Guid(f830fc48f16d4074e85f29df45c31235) Importer(815301076,1909f56bfc062723c751e8b465ee728b)
Start importing Assets/office assest/npc using Guid(f830fc48f16d4074e85f29df45c31235) Importer(815301076,1909f56bfc062723c751e8b465ee728b) (PreviewImporter) -> (artifact id: '69de7db3752c6ffaaa384ca250a8a86b') in 0.0006316 seconds
Number of updated asset objects reloaded before import = 0Number of asset objects unloaded after import = 0

========================================================================
Received Import Request.
  Time since last request: 0.936609 seconds.
  path: Assets/office assest/npc
  artifactKey: Guid(f830fc48f16d4074e85f29df45c31235) Importer(2089858483,b0f066a214c2f5e87bad3c948f4d605d)
Start importing Assets/office assest/npc using Guid(f830fc48f16d4074e85f29df45c31235) Importer(2089858483,b0f066a214c2f5e87bad3c948f4d605d) (ScriptedImporter) -> (artifact id: 'e58884bc15a55a53dffc718ab669c009') in 0.0085913 seconds
Number of updated asset objects reloaded before import = 0Number of asset objects unloaded after import = 1

========================================================================
Received Import Request.
  Time since last request: 13.718063 seconds.
  path: Assets/office assest/Charachters/npc2_.png
  artifactKey: Guid(5bf8ac3acca6e7d4ebd0de426356a1ea) Importer(2089858483,b0f066a214c2f5e87bad3c948f4d605d)
Start importing Assets/office assest/Charachters/npc2_.png using Guid(5bf8ac3acca6e7d4ebd0de426356a1ea) Importer(2089858483,b0f066a214c2f5e87bad3c948f4d605d) (ScriptedImporter) -> (artifact id: 'dad8f89e1bcaaa4af3b969c8718c4a2b') in 0.0139854 seconds
Number of updated asset objects reloaded before import = 0Number of asset objects unloaded after import = 3

========================================================================
Received Import Request.
  Time since last request: 2.230633 seconds.
  path: Assets/office assest/Charachters/MainCharachter_walkframe2.png
  artifactKey: Guid(7b79f475000f9294782a9cc1852f44a2) Importer(2089858483,b0f066a214c2f5e87bad3c948f4d605d)
Start importing Assets/office assest/Charachters/MainCharachter_walkframe2.png using Guid(7b79f475000f9294782a9cc1852f44a2) Importer(2089858483,b0f066a214c2f5e87bad3c948f4d605d) (ScriptedImporter) -> (artifact id: '07e34c04fec5f5be53fd0ba052b9a084') in 0.0123282 seconds
Number of updated asset objects reloaded before import = 0Number of asset objects unloaded after import = 3

========================================================================
Received Import Request.
  Time since last request: 0.000023 seconds.
  path: Assets/office assest/Charachters/MainCharachter_front.png
  artifactKey: Guid(42b695b936d22054291c51401f350c1d) Importer(2089858483,b0f066a214c2f5e87bad3c948f4d605d)
Start importing Assets/office assest/Charachters/MainCharachter_front.png using Guid(42b695b936d22054291c51401f350c1d) Importer(2089858483,b0f066a214c2f5e87bad3c948f4d605d) (ScriptedImporter) -> (artifact id: '9f040c169acf295f9e81916f8c3ecaa4') in 0.0114676 seconds
Number of updated asset objects reloaded before import = 0Number of asset objects unloaded after import = 3

========================================================================
Received Import Request.
  Time since last request: 36.581688 seconds.
  path: Assets/office assest/Main menu/note1_duran.anim
  artifactKey: Guid(daa5051272a933647bb05c6a704f7013) Importer(2089858483,b0f066a214c2f5e87bad3c948f4d605d)
Start importing Assets/office assest/Main menu/note1_duran.anim using Guid(daa5051272a933647bb05c6a704f7013) Importer(2089858483,b0f066a214c2f5e87bad3c948f4d605d) (ScriptedImporter) -> (artifact id: 'd2385a2033c8ee18f54a32150bf80b4e') in 0.0127933 seconds
Number of updated asset objects reloaded before import = 0Number of asset objects unloaded after import = 1

========================================================================
Received Import Request.
  Time since last request: 0.000023 seconds.
  path: Assets/office assest/Main menu/note1_animation.anim
  artifactKey: Guid(bea52656fd3b9214c80d0f295e61253b) Importer(2089858483,b0f066a214c2f5e87bad3c948f4d605d)
Start importing Assets/office assest/Main menu/note1_animation.anim using Guid(bea52656fd3b9214c80d0f295e61253b) Importer(2089858483,b0f066a214c2f5e87bad3c948f4d605d) (ScriptedImporter) -> (artifact id: '7d58dc3741fd01c3024c530cd6966722') in 0.0097507 seconds
Number of updated asset objects reloaded before import = 0Number of asset objects unloaded after import = 1

========================================================================
Received Import Request.
  Time since last request: 30.666348 seconds.
  path: Assets/assets/Main menu
  artifactKey: Guid(23019d7e62469144480b8e8922d1d8ee) Importer(2089858483,b0f066a214c2f5e87bad3c948f4d605d)
Start importing Assets/assets/Main menu using Guid(23019d7e62469144480b8e8922d1d8ee) Importer(2089858483,b0f066a214c2f5e87bad3c948f4d605d) (ScriptedImporter) -> (artifact id: 'f6ccb3cd796542199e5087614293bfcf') in 0.0089079 seconds
Number of updated asset objects reloaded before import = 0Number of asset objects unloaded after import = 1

========================================================================
Received Import Request.
  Time since last request: 0.000023 seconds.
  path: Assets/assets/trash.png
  artifactKey: Guid(c1057fb93c8eb964aac8483923b2408a) Importer(2089858483,b0f066a214c2f5e87bad3c948f4d605d)
Start importing Assets/assets/trash.png using Guid(c1057fb93c8eb964aac8483923b2408a) Importer(2089858483,b0f066a214c2f5e87bad3c948f4d605d) (ScriptedImporter) -> (artifact id: 'a914e22023819d86955369d97812723b') in 0.0109113 seconds
Number of updated asset objects reloaded before import = 0Number of asset objects unloaded after import = 3

========================================================================
Received Import Request.
  Time since last request: 0.000022 seconds.
  path: Assets/assets/ofifice_door.png
  artifactKey: Guid(b58a3dc42f7107146a5e558f2cfd7643) Importer(2089858483,b0f066a214c2f5e87bad3c948f4d605d)
Start importing Assets/assets/ofifice_door.png using Guid(b58a3dc42f7107146a5e558f2cfd7643) Importer(2089858483,b0f066a214c2f5e87bad3c948f4d605d) (ScriptedImporter) -> (artifact id: '0d2b4bc945a8ef91b7fd3f963832651b') in 0.011612 seconds
Number of updated asset objects reloaded before import = 0Number of asset objects unloaded after import = 3

========================================================================
Received Import Request.
  Time since last request: 0.000022 seconds.
  path: Assets/assets/printer.png
  artifactKey: Guid(00effbbbd5a3cc24f9f77584c5a5d01f) Importer(2089858483,b0f066a214c2f5e87bad3c948f4d605d)
Start importing Assets/assets/printer.png using Guid(00effbbbd5a3cc24f9f77584c5a5d01f) Importer(2089858483,b0f066a214c2f5e87bad3c948f4d605d) (ScriptedImporter) -> (artifact id: 'f37445c42bc5bbc2d5315cfbbd486b45') in 0.0123906 seconds
Number of updated asset objects reloaded before import = 0Number of asset objects unloaded after import = 3

========================================================================
Received Import Request.
  Time since last request: 0.000032 seconds.
  path: Assets/assets/Main menu/note2.png
  artifactKey: Guid(c5baf415cc40e3549ab9f68c35d5d2cd) Importer(2089858483,b0f066a214c2f5e87bad3c948f4d605d)
Start importing Assets/assets/Main menu/note2.png using Guid(c5baf415cc40e3549ab9f68c35d5d2cd) Importer(2089858483,b0f066a214c2f5e87bad3c948f4d605d) (ScriptedImporter) -> (artifact id: 'a1ef8ff90af5c17c22aee5e061c4bdd6') in 0.0141596 seconds
Number of updated asset objects reloaded before import = 0Number of asset objects unloaded after import = 3

========================================================================
Received Import Request.
  Time since last request: 0.000024 seconds.
  path: Assets/assets/Charachters/MainCharachter_walkframe1.png
  artifactKey: Guid(d0d1d0724d59b0d4f9e2e301ba0327b1) Importer(2089858483,b0f066a214c2f5e87bad3c948f4d605d)
Start importing Assets/assets/Charachters/MainCharachter_walkframe1.png using Guid(d0d1d0724d59b0d4f9e2e301ba0327b1) Importer(2089858483,b0f066a214c2f5e87bad3c948f4d605d) (ScriptedImporter) -> (artifact id: '7fb663e5ac6df95bdecc177686496b37') in 0.0125495 seconds
Number of updated asset objects reloaded before import = 0Number of asset objects unloaded after import = 3

========================================================================
Received Import Request.
  Time since last request: 0.000017 seconds.
  path: Assets/assets/Main menu/note1_0.controller
  artifactKey: Guid(e12dc8a9ca8573e41b5f2e562a0682d5) Importer(2089858483,b0f066a214c2f5e87bad3c948f4d605d)
Start importing Assets/assets/Main menu/note1_0.controller using Guid(e12dc8a9ca8573e41b5f2e562a0682d5) Importer(2089858483,b0f066a214c2f5e87bad3c948f4d605d) (ScriptedImporter) -> (artifact id: '27fe9f7e01c78ab47c850543252eb4bc') in 0.011472 seconds
Number of updated asset objects reloaded before import = 0Number of asset objects unloaded after import = 6

========================================================================
Received Import Request.
  Time since last request: 0.000019 seconds.
  path: Assets/assets/pcfront.png
  artifactKey: Guid(f910ab71cb259e74280467ff172f0644) Importer(2089858483,b0f066a214c2f5e87bad3c948f4d605d)
Start importing Assets/assets/pcfront.png using Guid(f910ab71cb259e74280467ff172f0644) Importer(2089858483,b0f066a214c2f5e87bad3c948f4d605d) (ScriptedImporter) -> (artifact id: '0d58788fa3f8729198aed3e205f43a46') in 0.0126231 seconds
Number of updated asset objects reloaded before import = 0Number of asset objects unloaded after import = 3

========================================================================
Received Import Request.
  Time since last request: 0.000024 seconds.
  path: Assets/assets/WorkStation.prefab
  artifactKey: Guid(2c1ba4dae295bd848a876491e946b680) Importer(2089858483,b0f066a214c2f5e87bad3c948f4d605d)
Start importing Assets/assets/WorkStation.prefab using Guid(2c1ba4dae295bd848a876491e946b680) Importer(2089858483,b0f066a214c2f5e87bad3c948f4d605d) (ScriptedImporter) -> (artifact id: 'f18e450c73e47eb0a1ae021fff37bcfc') in 0.0129596 seconds
Number of updated asset objects reloaded before import = 0Number of asset objects unloaded after import = 15

========================================================================
Received Import Request.
  Time since last request: 0.000020 seconds.
  path: Assets/assets/Charachters/MainCharachterpijama_walkframe2.png
  artifactKey: Guid(953ad2838ca9cbf41a8154024e925c2e) Importer(2089858483,b0f066a214c2f5e87bad3c948f4d605d)
Start importing Assets/assets/Charachters/MainCharachterpijama_walkframe2.png using Guid(953ad2838ca9cbf41a8154024e925c2e) Importer(2089858483,b0f066a214c2f5e87bad3c948f4d605d) (ScriptedImporter) -> (artifact id: '473e4a9b6c8f26b2945eff3029b65fd0') in 0.0106673 seconds
Number of updated asset objects reloaded before import = 0Number of asset objects unloaded after import = 3

========================================================================
Received Import Request.
  Time since last request: 0.000028 seconds.
  path: Assets/assets/tezgah.png
  artifactKey: Guid(33dadfba05a53214585833bedb08fcc1) Importer(2089858483,b0f066a214c2f5e87bad3c948f4d605d)
Start importing Assets/assets/tezgah.png using Guid(33dadfba05a53214585833bedb08fcc1) Importer(2089858483,b0f066a214c2f5e87bad3c948f4d605d) (ScriptedImporter) -> (artifact id: '0871b718d794d08b734d9ca38b798713') in 0.0156654 seconds
Number of updated asset objects reloaded before import = 0Number of asset objects unloaded after import = 3

========================================================================
Received Import Request.
  Time since last request: 0.000023 seconds.
  path: Assets/assets/Charachters/MainCharachter_front.png
  artifactKey: Guid(42b695b936d22054291c51401f350c1d) Importer(2089858483,b0f066a214c2f5e87bad3c948f4d605d)
Start importing Assets/assets/Charachters/MainCharachter_front.png using Guid(42b695b936d22054291c51401f350c1d) Importer(2089858483,b0f066a214c2f5e87bad3c948f4d605d) (ScriptedImporter) -> (artifact id: '5b6b218114003ac243cb7ebc8f61d8c5') in 0.0111852 seconds
Number of updated asset objects reloaded before import = 0Number of asset objects unloaded after import = 3

========================================================================
Received Import Request.
  Time since last request: 0.000018 seconds.
  path: Assets/assets/E_tusu.png
  artifactKey: Guid(f8d4503944876e641af83662dcb0b209) Importer(2089858483,b0f066a214c2f5e87bad3c948f4d605d)
Start importing Assets/assets/E_tusu.png using Guid(f8d4503944876e641af83662dcb0b209) Importer(2089858483,b0f066a214c2f5e87bad3c948f4d605d) (ScriptedImporter) -> (artifact id: '296c7517218c8b8c3925b64decad2cb1') in 0.0113785 seconds
Number of updated asset objects reloaded before import = 0Number of asset objects unloaded after import = 3

========================================================================
Received Import Request.
  Time since last request: 0.000018 seconds.
  path: Assets/assets/bitki.png
  artifactKey: Guid(0f63a4bab6314be4490274b63bd3817e) Importer(2089858483,b0f066a214c2f5e87bad3c948f4d605d)
Start importing Assets/assets/bitki.png using Guid(0f63a4bab6314be4490274b63bd3817e) Importer(2089858483,b0f066a214c2f5e87bad3c948f4d605d) (ScriptedImporter) -> (artifact id: '01c90ea759a081852a3b5bc20a011e18') in 0.0151876 seconds
Number of updated asset objects reloaded before import = 0Number of asset objects unloaded after import = 3

========================================================================
Received Import Request.
  Time since last request: 0.000021 seconds.
  path: Assets/assets/pc_office.png
  artifactKey: Guid(1089170d327f2d54bafd4cd4f3a2f152) Importer(2089858483,b0f066a214c2f5e87bad3c948f4d605d)
Start importing Assets/assets/pc_office.png using Guid(1089170d327f2d54bafd4cd4f3a2f152) Importer(2089858483,b0f066a214c2f5e87bad3c948f4d605d) (ScriptedImporter) -> (artifact id: '5d2f15fad851a8088e8b2e6dd3a8246b') in 0.0111416 seconds
Number of updated asset objects reloaded before import = 0Number of asset objects unloaded after import = 3

========================================================================
Received Import Request.
  Time since last request: 13.128633 seconds.
  path: Assets/assets/Office/pcfront.png
  artifactKey: Guid(f910ab71cb259e74280467ff172f0644) Importer(2089858483,b0f066a214c2f5e87bad3c948f4d605d)
Start importing Assets/assets/Office/pcfront.png using Guid(f910ab71cb259e74280467ff172f0644) Importer(2089858483,b0f066a214c2f5e87bad3c948f4d605d) (ScriptedImporter) -> (artifact id: 'cf45a074408ecf49dd56e0b3652b05a6') in 0.0137054 seconds
Number of updated asset objects reloaded before import = 0Number of asset objects unloaded after import = 3

========================================================================
Received Import Request.
  Time since last request: 0.000033 seconds.
  path: Assets/assets/Office/printer.png
  artifactKey: Guid(00effbbbd5a3cc24f9f77584c5a5d01f) Importer(2089858483,b0f066a214c2f5e87bad3c948f4d605d)
Start importing Assets/assets/Office/printer.png using Guid(00effbbbd5a3cc24f9f77584c5a5d01f) Importer(2089858483,b0f066a214c2f5e87bad3c948f4d605d) (ScriptedImporter) -> (artifact id: 'b47d0ebb535cb833de94e56e488053aa') in 0.0106817 seconds
Number of updated asset objects reloaded before import = 0Number of asset objects unloaded after import = 3

========================================================================
Received Import Request.
  Time since last request: 0.000025 seconds.
  path: Assets/assets/Office/WorkStation.prefab
  artifactKey: Guid(2c1ba4dae295bd848a876491e946b680) Importer(2089858483,b0f066a214c2f5e87bad3c948f4d605d)
Start importing Assets/assets/Office/WorkStation.prefab using Guid(2c1ba4dae295bd848a876491e946b680) Importer(2089858483,b0f066a214c2f5e87bad3c948f4d605d) (ScriptedImporter) -> (artifact id: 'fd6f9cdeb1d837b96b277903efe55951') in 0.0093148 seconds
Number of updated asset objects reloaded before import = 0Number of asset objects unloaded after import = 15

========================================================================
Received Import Request.
  Time since last request: 0.000022 seconds.
  path: Assets/assets/Office/tezgah2.png
  artifactKey: Guid(e4cdb5d73033bf140bbe28894fe0bd75) Importer(2089858483,b0f066a214c2f5e87bad3c948f4d605d)
Start importing Assets/assets/Office/tezgah2.png using Guid(e4cdb5d73033bf140bbe28894fe0bd75) Importer(2089858483,b0f066a214c2f5e87bad3c948f4d605d) (ScriptedImporter) -> (artifact id: '745d5ab8c6750bba89af276873e13a1c') in 0.0112473 seconds
Number of updated asset objects reloaded before import = 0Number of asset objects unloaded after import = 3

========================================================================
Received Import Request.
  Time since last request: 18.008030 seconds.
  path: Assets/assets/Office/duvarlımasa_ceyda.png
  artifactKey: Guid(da1e47b19856d924c9ed63284c456b8b) Importer(2089858483,b0f066a214c2f5e87bad3c948f4d605d)
Start importing Assets/assets/Office/duvarlımasa_ceyda.png using Guid(da1e47b19856d924c9ed63284c456b8b) Importer(2089858483,b0f066a214c2f5e87bad3c948f4d605d) (ScriptedImporter) -> (artifact id: '00825d2bc9cb75a1d716f1caa31941af') in 0.0138993 seconds
Number of updated asset objects reloaded before import = 0Number of asset objects unloaded after import = 3

========================================================================
Received Import Request.
  Time since last request: 0.000025 seconds.
  path: Assets/assets/Office/microwave.png
  artifactKey: Guid(b2ba0ace83926874b9e319578683356e) Importer(2089858483,b0f066a214c2f5e87bad3c948f4d605d)
Start importing Assets/assets/Office/microwave.png using Guid(b2ba0ace83926874b9e319578683356e) Importer(2089858483,b0f066a214c2f5e87bad3c948f4d605d) (ScriptedImporter) -> (artifact id: '199fc24a2ed96fe4a44473f0338ae3c4') in 0.0125192 seconds
Number of updated asset objects reloaded before import = 0Number of asset objects unloaded after import = 3

========================================================================
Received Import Request.
  Time since last request: 0.000020 seconds.
  path: Assets/assets/Office/E_tusu.png
  artifactKey: Guid(f8d4503944876e641af83662dcb0b209) Importer(2089858483,b0f066a214c2f5e87bad3c948f4d605d)
Start importing Assets/assets/Office/E_tusu.png using Guid(f8d4503944876e641af83662dcb0b209) Importer(2089858483,b0f066a214c2f5e87bad3c948f4d605d) (ScriptedImporter) -> (artifact id: 'b30c7b4552f28f936bd6d61ccac01e68') in 0.0101543 seconds
Number of updated asset objects reloaded before import = 0Number of asset objects unloaded after import = 3

========================================================================
Received Import Request.
  Time since last request: 0.000031 seconds.
  path: Assets/assets/Office/duvarlımasa_selin.png
  artifactKey: Guid(9194aa272977e7a4a9a1f3da89b6a397) Importer(2089858483,b0f066a214c2f5e87bad3c948f4d605d)
Start importing Assets/assets/Office/duvarlımasa_selin.png using Guid(9194aa272977e7a4a9a1f3da89b6a397) Importer(2089858483,b0f066a214c2f5e87bad3c948f4d605d) (ScriptedImporter) -> (artifact id: '09a20b417aae7c527f0126841f32700f') in 0.0121068 seconds
Number of updated asset objects reloaded before import = 0Number of asset objects unloaded after import = 3

========================================================================
Received Import Request.
  Time since last request: 13.297032 seconds.
  path: Assets/assets/Room/masaroom.png
  artifactKey: Guid(fe2e71b66edaf974abceacc130310384) Importer(2089858483,b0f066a214c2f5e87bad3c948f4d605d)
Start importing Assets/assets/Room/masaroom.png using Guid(fe2e71b66edaf974abceacc130310384) Importer(2089858483,b0f066a214c2f5e87bad3c948f4d605d) (ScriptedImporter) -> (artifact id: '1edf222a3af7e5275b88f146fc86da17') in 0.009636 seconds
Number of updated asset objects reloaded before import = 0Number of asset objects unloaded after import = 3

========================================================================
Received Import Request.
  Time since last request: 0.000025 seconds.
  path: Assets/assets/Room/yatak.png
  artifactKey: Guid(68ae361c37e7f2c44ae945c7d1bc82ab) Importer(2089858483,b0f066a214c2f5e87bad3c948f4d605d)
Start importing Assets/assets/Room/yatak.png using Guid(68ae361c37e7f2c44ae945c7d1bc82ab) Importer(2089858483,b0f066a214c2f5e87bad3c948f4d605d) (ScriptedImporter) -> (artifact id: 'f51550fc63881859532e58db73c5f0bb') in 0.0111139 seconds
Number of updated asset objects reloaded before import = 0Number of asset objects unloaded after import = 3

========================================================================
Received Prepare
Refreshing native plugins compatible for Editor in 1.56 ms, found 4 plugins.
Preloading 0 native plugins for Editor in 0.00 ms.
Unloading 16 Unused Serialized files (Serialized files now loaded: 0)
Unloading 6921 unused Assets / (4.9 MB). Loaded Objects now: 8009.
Memory consumption went from 160.3 MB to 155.3 MB.
Total: 20.292600 ms (FindLiveObjects: 1.314900 ms CreateObjectMapping: 0.767300 ms MarkObjects: 14.950700 ms  DeleteObjects: 3.258500 ms)

Prepare: number of updated asset objects reloaded= 0
========================================================================
Received Prepare
Begin MonoManager ReloadAssembly
[Licensing::Client] Successfully resolved entitlement details
- Loaded All Assemblies, in  0.859 seconds
Refreshing native plugins compatible for Editor in 1.74 ms, found 4 plugins.
Native extension for WindowsStandalone target not found
[Package Manager] Failed to launch server process. Reason: Unity was launched with the -noUpm command-line argument
[Package Manager] Unable to send message (not connected to server process).
[Package Manager] Cannot connect to Unity Package Manager local server
ScheduleIndexationOnStartup MainProcess:False IndexOnStartup:True
Mono: successfully reloaded assembly
- Finished resetting the current domain, in  0.717 seconds
Domain Reload Profiling: 1578ms
	BeginReloadAssembly (284ms)
		ExecutionOrderSort (0ms)
		DisableScriptedObjects (25ms)
		BackupInstance (0ms)
		ReleaseScriptingObjects (0ms)
		CreateAndSetChildDomain (115ms)
	RebuildCommonClasses (30ms)
	RebuildNativeTypeToScriptingClass (10ms)
	initialDomainReloadingComplete (30ms)
	LoadAllAssembliesAndSetupDomain (506ms)
		LoadAssemblies (355ms)
		RebuildTransferFunctionScriptingTraits (0ms)
		AnalyzeDomain (240ms)
			TypeCache.Refresh (12ms)
				TypeCache.ScanAssembly (0ms)
			BuildScriptInfoCaches (207ms)
			ResolveRequiredComponents (11ms)
	FinalizeReload (718ms)
		ReleaseScriptCaches (0ms)
		RebuildScriptCaches (0ms)
		SetupLoadedEditorAssemblies (520ms)
			LogAssemblyErrors (0ms)
			InitializePlatformSupportModulesInManaged (3ms)
			SetLoadedEditorAssemblies (6ms)
			BeforeProcessingInitializeOnLoad (161ms)
			ProcessInitializeOnLoadAttributes (282ms)
			ProcessInitializeOnLoadMethodAttributes (62ms)
			AfterProcessingInitializeOnLoad (6ms)
			EditorAssembliesLoaded (0ms)
		ExecutionOrderSort2 (0ms)
		AwakeInstancesAfterBackupRestoration (12ms)
Refreshing native plugins compatible for Editor in 1.51 ms, found 4 plugins.
Preloading 0 native plugins for Editor in 0.00 ms.
Unloading 16 Unused Serialized files (Serialized files now loaded: 0)
Unloading 6931 unused Assets / (4.4 MB). Loaded Objects now: 7939.
Memory consumption went from 159.4 MB to 155.0 MB.
Total: 10.390100 ms (FindLiveObjects: 0.887700 ms CreateObjectMapping: 0.893400 ms MarkObjects: 6.060200 ms  DeleteObjects: 2.547600 ms)

Prepare: number of updated asset objects reloaded= 0
========================================================================
Received Prepare
Refreshing native plugins compatible for Editor in 1.52 ms, found 4 plugins.
Preloading 0 native plugins for Editor in 0.00 ms.
Unloading 16 Unused Serialized files (Serialized files now loaded: 0)
Unloading 6920 unused Assets / (4.6 MB). Loaded Objects now: 7938.
Memory consumption went from 159.4 MB to 154.8 MB.
Total: 10.663300 ms (FindLiveObjects: 1.291500 ms CreateObjectMapping: 1.197700 ms MarkObjects: 5.656200 ms  DeleteObjects: 2.517100 ms)

Prepare: number of updated asset objects reloaded= 0
========================================================================
Received Prepare
Begin MonoManager ReloadAssembly
- Loaded All Assemblies, in  0.669 seconds
Refreshing native plugins compatible for Editor in 1.64 ms, found 4 plugins.
Native extension for WindowsStandalone target not found
[Package Manager] Failed to launch server process. Reason: Unity was launched with the -noUpm command-line argument
[Package Manager] Unable to send message (not connected to server process).
[Package Manager] Cannot connect to Unity Package Manager local server
ScheduleIndexationOnStartup MainProcess:False IndexOnStartup:True
Mono: successfully reloaded assembly
- Finished resetting the current domain, in  0.638 seconds
Domain Reload Profiling: 1308ms
	BeginReloadAssembly (192ms)
		ExecutionOrderSort (0ms)
		DisableScriptedObjects (14ms)
		BackupInstance (0ms)
		ReleaseScriptingObjects (0ms)
		CreateAndSetChildDomain (49ms)
	RebuildCommonClasses (28ms)
	RebuildNativeTypeToScriptingClass (10ms)
	initialDomainReloadingComplete (29ms)
	LoadAllAssembliesAndSetupDomain (411ms)
		LoadAssemblies (304ms)
		RebuildTransferFunctionScriptingTraits (0ms)
		AnalyzeDomain (186ms)
			TypeCache.Refresh (11ms)
				TypeCache.ScanAssembly (0ms)
			BuildScriptInfoCaches (162ms)
			ResolveRequiredComponents (7ms)
	FinalizeReload (639ms)
		ReleaseScriptCaches (0ms)
		RebuildScriptCaches (0ms)
		SetupLoadedEditorAssemblies (509ms)
			LogAssemblyErrors (0ms)
			InitializePlatformSupportModulesInManaged (2ms)
			SetLoadedEditorAssemblies (6ms)
			BeforeProcessingInitializeOnLoad (143ms)
			ProcessInitializeOnLoadAttributes (287ms)
			ProcessInitializeOnLoadMethodAttributes (66ms)
			AfterProcessingInitializeOnLoad (5ms)
			EditorAssembliesLoaded (0ms)
		ExecutionOrderSort2 (0ms)
		AwakeInstancesAfterBackupRestoration (11ms)
Refreshing native plugins compatible for Editor in 1.80 ms, found 4 plugins.
Preloading 0 native plugins for Editor in 0.00 ms.
Unloading 16 Unused Serialized files (Serialized files now loaded: 0)
Unloading 6930 unused Assets / (4.9 MB). Loaded Objects now: 7941.
Memory consumption went from 159.3 MB to 154.4 MB.
Total: 10.496700 ms (FindLiveObjects: 0.858200 ms CreateObjectMapping: 0.840800 ms MarkObjects: 5.775300 ms  DeleteObjects: 3.021700 ms)

Prepare: number of updated asset objects reloaded= 0
========================================================================
Received Prepare
Refreshing native plugins compatible for Editor in 1.52 ms, found 4 plugins.
Preloading 0 native plugins for Editor in 0.00 ms.
Unloading 16 Unused Serialized files (Serialized files now loaded: 0)
Unloading 6919 unused Assets / (4.4 MB). Loaded Objects now: 7940.
Memory consumption went from 159.5 MB to 155.0 MB.
Total: 9.553100 ms (FindLiveObjects: 0.908400 ms CreateObjectMapping: 0.884600 ms MarkObjects: 5.558300 ms  DeleteObjects: 2.200400 ms)

Prepare: number of updated asset objects reloaded= 0
========================================================================
Received Prepare
Begin MonoManager ReloadAssembly
- Loaded All Assemblies, in  0.631 seconds
Refreshing native plugins compatible for Editor in 1.54 ms, found 4 plugins.
Native extension for WindowsStandalone target not found
[Package Manager] Failed to launch server process. Reason: Unity was launched with the -noUpm command-line argument
[Package Manager] Unable to send message (not connected to server process).
[Package Manager] Cannot connect to Unity Package Manager local server
ScheduleIndexationOnStartup MainProcess:False IndexOnStartup:True
Mono: successfully reloaded assembly
- Finished resetting the current domain, in  0.633 seconds
Domain Reload Profiling: 1267ms
	BeginReloadAssembly (187ms)
		ExecutionOrderSort (0ms)
		DisableScriptedObjects (14ms)
		BackupInstance (0ms)
		ReleaseScriptingObjects (0ms)
		CreateAndSetChildDomain (45ms)
	RebuildCommonClasses (32ms)
	RebuildNativeTypeToScriptingClass (11ms)
	initialDomainReloadingComplete (27ms)
	LoadAllAssembliesAndSetupDomain (377ms)
		LoadAssemblies (288ms)
		RebuildTransferFunctionScriptingTraits (0ms)
		AnalyzeDomain (165ms)
			TypeCache.Refresh (11ms)
				TypeCache.ScanAssembly (0ms)
			BuildScriptInfoCaches (142ms)
			ResolveRequiredComponents (7ms)
	FinalizeReload (633ms)
		ReleaseScriptCaches (0ms)
		RebuildScriptCaches (0ms)
		SetupLoadedEditorAssemblies (501ms)
			LogAssemblyErrors (0ms)
			InitializePlatformSupportModulesInManaged (2ms)
			SetLoadedEditorAssemblies (5ms)
			BeforeProcessingInitializeOnLoad (147ms)
			ProcessInitializeOnLoadAttributes (275ms)
			ProcessInitializeOnLoadMethodAttributes (63ms)
			AfterProcessingInitializeOnLoad (8ms)
			EditorAssembliesLoaded (0ms)
		ExecutionOrderSort2 (0ms)
		AwakeInstancesAfterBackupRestoration (12ms)
Refreshing native plugins compatible for Editor in 1.49 ms, found 4 plugins.
Preloading 0 native plugins for Editor in 0.00 ms.
Unloading 16 Unused Serialized files (Serialized files now loaded: 0)
Unloading 6929 unused Assets / (4.7 MB). Loaded Objects now: 7943.
Memory consumption went from 159.4 MB to 154.6 MB.
Total: 11.646300 ms (FindLiveObjects: 0.877000 ms CreateObjectMapping: 0.829500 ms MarkObjects: 7.284400 ms  DeleteObjects: 2.654300 ms)

Prepare: number of updated asset objects reloaded= 0
========================================================================
Received Prepare
Refreshing native plugins compatible for Editor in 1.61 ms, found 4 plugins.
Preloading 0 native plugins for Editor in 0.00 ms.
Unloading 16 Unused Serialized files (Serialized files now loaded: 0)
Unloading 6918 unused Assets / (4.7 MB). Loaded Objects now: 7942.
Memory consumption went from 159.5 MB to 154.8 MB.
Total: 11.581700 ms (FindLiveObjects: 0.884200 ms CreateObjectMapping: 0.814700 ms MarkObjects: 7.068900 ms  DeleteObjects: 2.813100 ms)

Prepare: number of updated asset objects reloaded= 0
========================================================================
Received Prepare
Begin MonoManager ReloadAssembly
- Loaded All Assemblies, in  0.641 seconds
Refreshing native plugins compatible for Editor in 1.59 ms, found 4 plugins.
Native extension for WindowsStandalone target not found
[Package Manager] Failed to launch server process. Reason: Unity was launched with the -noUpm command-line argument
[Package Manager] Unable to send message (not connected to server process).
[Package Manager] Cannot connect to Unity Package Manager local server
ScheduleIndexationOnStartup MainProcess:False IndexOnStartup:True
Mono: successfully reloaded assembly
- Finished resetting the current domain, in  0.568 seconds
Domain Reload Profiling: 1208ms
	BeginReloadAssembly (188ms)
		ExecutionOrderSort (0ms)
		DisableScriptedObjects (14ms)
		BackupInstance (0ms)
		ReleaseScriptingObjects (0ms)
		CreateAndSetChildDomain (50ms)
	RebuildCommonClasses (26ms)
	RebuildNativeTypeToScriptingClass (10ms)
	initialDomainReloadingComplete (24ms)
	LoadAllAssembliesAndSetupDomain (391ms)
		LoadAssemblies (285ms)
		RebuildTransferFunctionScriptingTraits (0ms)
		AnalyzeDomain (183ms)
			TypeCache.Refresh (10ms)
				TypeCache.ScanAssembly (0ms)
			BuildScriptInfoCaches (160ms)
			ResolveRequiredComponents (7ms)
	FinalizeReload (568ms)
		ReleaseScriptCaches (0ms)
		RebuildScriptCaches (0ms)
		SetupLoadedEditorAssemblies (450ms)
			LogAssemblyErrors (0ms)
			InitializePlatformSupportModulesInManaged (2ms)
			SetLoadedEditorAssemblies (5ms)
			BeforeProcessingInitializeOnLoad (121ms)
			ProcessInitializeOnLoadAttributes (256ms)
			ProcessInitializeOnLoadMethodAttributes (61ms)
			AfterProcessingInitializeOnLoad (5ms)
			EditorAssembliesLoaded (0ms)
		ExecutionOrderSort2 (0ms)
		AwakeInstancesAfterBackupRestoration (11ms)
Refreshing native plugins compatible for Editor in 1.88 ms, found 4 plugins.
Preloading 0 native plugins for Editor in 0.00 ms.
Unloading 16 Unused Serialized files (Serialized files now loaded: 0)
Unloading 6928 unused Assets / (6.7 MB). Loaded Objects now: 7945.
Memory consumption went from 159.4 MB to 152.7 MB.
Total: 12.410900 ms (FindLiveObjects: 0.826200 ms CreateObjectMapping: 1.435600 ms MarkObjects: 5.731900 ms  DeleteObjects: 4.416500 ms)

Prepare: number of updated asset objects reloaded= 0
Editor requested this worker to shutdown with reason: Scaling down because of idle timeout
AssetImportWorker is now disconnected from the server
Process exiting
Exiting without the bug reporter. Application will terminate with return code 0